[    1005ms] Error: Unable to retrieve appVersion because #__PWS_DATA__ was not found in the DOM.
    at i (https://s.pinimg.com/webapp/43568-dbca72df96a49f85.mjs:5:54436)
    at c (https://s.pinimg.com/webapp/43568-dbca72df96a49f85.mjs:5:52353)
    at https://s.pinimg.com/webapp/43568-dbca72df96a49f85.mjs:5:53312
[    1006ms] Error: Unable to retrieve appVersion because #__PWS_DATA__ was not found in the DOM.
    at i (https://s.pinimg.com/webapp/43568-dbca72df96a49f85.mjs:5:54436)
    at c (https://s.pinimg.com/webapp/43568-dbca72df96a49f85.mjs:5:52353)
    at https://s.pinimg.com/webapp/43568-dbca72df96a49f85.mjs:5:52951
[    1006ms] Error: Unable to retrieve appVersion because #__PWS_DATA__ was not found in the DOM.
    at i (https://s.pinimg.com/webapp/43568-dbca72df96a49f85.mjs:5:54436)
    at c (https://s.pinimg.com/webapp/43568-dbca72df96a49f85.mjs:5:52353)
    at https://s.pinimg.com/webapp/43568-dbca72df96a49f85.mjs:5:53312
[    1006ms] Error: Unable to retrieve appVersion because #__PWS_DATA__ was not found in the DOM.
    at i (https://s.pinimg.com/webapp/43568-dbca72df96a49f85.mjs:5:54436)
    at c (https://s.pinimg.com/webapp/43568-dbca72df96a49f85.mjs:5:52353)
    at https://s.pinimg.com/webapp/43568-dbca72df96a49f85.mjs:5:52951
[    1006ms] Error: Unable to retrieve appVersion because #__PWS_DATA__ was not found in the DOM.
    at i (https://s.pinimg.com/webapp/43568-dbca72df96a49f85.mjs:5:54436)
    at c (https://s.pinimg.com/webapp/43568-dbca72df96a49f85.mjs:5:52353)
    at https://s.pinimg.com/webapp/43568-dbca72df96a49f85.mjs:5:53312
[    1006ms] Error: Unable to retrieve appVersion because #__PWS_DATA__ was not found in the DOM.
    at i (https://s.pinimg.com/webapp/43568-dbca72df96a49f85.mjs:5:54436)
    at c (https://s.pinimg.com/webapp/43568-dbca72df96a49f85.mjs:5:52353)
    at https://s.pinimg.com/webapp/43568-dbca72df96a49f85.mjs:5:52951
[    1457ms] [ERROR] Unexpected hydration error Minified React error #418; visit https://react.dev/errors/418?args[]=HTML&args[]= for the full message or use the non-minified dev environment for full errors and additional helpful warnings. 
    at Suspense (<anonymous>)
    at h (https://s.pinimg.com/webapp/43568-dbca72df96a49f85.mjs:5:56643)
    at oJ (https://s.pinimg.com/webapp/www/_client.ko_KR-ab745211fa9a6f6e.mjs:236:11397)
    at rx (https://s.pinimg.com/webapp/www/_client.ko_KR-ab745211fa9a6f6e.mjs:236:17808)
    at rR (https://s.pinimg.com/webapp/www/_client.ko_KR-ab745211fa9a6f6e.mjs:236:21174)
    at uu (https://s.pinimg.com/webapp/www/_client.ko_KR-ab745211fa9a6f6e.mjs:397:90206)
    at reduxProvider (https://s.pinimg.com/webapp/www/_client.ko_KR-ab745211fa9a6f6e.mjs:401:162609)
    at https://s.pinimg.com/webapp/www/_client.ko_KR-ab745211fa9a6f6e.mjs:401:145992
    at fd (https://s.pinimg.com/webapp/www/_client.ko_KR-ab745211fa9a6f6e.mjs:401:114853)
    at fb (https://s.pinimg.com/webapp/www/_client.ko_KR-ab745211fa9a6f6e.mjs:401:114931)
    at m2 (https://s.pinimg.com/webapp/www/_client.ko_KR-ab745211fa9a6f6e.mjs:401:111657)
    at E (https://s.pinimg.com/webapp/www/_client.ko_KR-ab745211fa9a6f6e.mjs:401:163627)
    at p (https://s.pinimg.com/webapp/43568-dbca72df96a49f85.mjs:5:26751)
    at https://s.pinimg.com/webapp/vendor-react-c7a0a1d6d76cab14.mjs:9:69109
    at s (https://s.pinimg.com/webapp/44649.ko_KR-b4a15540c7ffd904.mjs:1:91583)
    at _ (https://s.pinimg.com/webapp/43568-dbca72df96a49f85.mjs:5:10484)
    at m3 (https://s.pinimg.com/webapp/www/_client.ko_KR-ab745211fa9a6f6e.mjs:401:112264)
    at tF (https://s.pinimg.com/webapp/vendor-react-c7a0a1d6d76cab14.mjs:14:6486)
    at tN (https://s.pinimg.com/webapp/vendor-react-c7a0a1d6d76cab14.mjs:14:4430)
    at https://s.pinimg.com/webapp/vendor-react-c7a0a1d6d76cab14.mjs:14:12631
    at t5 (https://s.pinimg.com/webapp/vendor-react-c7a0a1d6d76cab14.mjs:14:13641)
    at tJ (https://s.pinimg.com/webapp/vendor-react-c7a0a1d6d76cab14.mjs:14:9012)
    at Suspense (<anonymous>) @ https://s.pinimg.com/webapp/www/_client.ko_KR-ab745211fa9a6f6e.mjs:400
[    1606ms] [WARNING] [GSI_LOGGER]: Your client application uses one of the Google One Tap prompt UI status methods that may stop functioning when FedCM becomes mandatory. Refer to the migration guide to update your code accordingly and opt-in to FedCM to test your changes. Learn more: https://developers.google.com/identity/gsi/web/guides/fedcm-migration?s=dc#display_moment and https://developers.google.com/identity/gsi/web/guides/fedcm-migration?s=dc#skipped_moment @ https://accounts.google.com/gsi/client?hl=ko:86
[    1629ms] [ERROR] Not signed in with the identity provider. @ https://kr.pinterest.com/search/pins/?q=w%20letterform%20continuous%20line%20art%20logo%20mark:0
[    1912ms] [ERROR] Failed to load resource: the server responded with a status of 404 () @ https://kr.pinterest.com/secure/unauth_user_data/:0
[    2093ms] [ERROR] Failed to load resource: the server responded with a status of 401 () @ https://kr.pinterest.com/resource/ApiResource/get/?source_url=%2Fsearch%2Fpins%2F%3Fq%3Dw%2520letterform%2520continuous%2520line%2520art%2520logo%2520mark&data=%7B%22options%22%3A%7B%22url%22%3A%22%2Fv3%2Fusers%2Fsettings%2Fgen_ai%2F%22%2C%22data%22%3A%7B%7D%7D%2C%22context%22%3A%7B%7D%7D&_=1787117240356:0
[   13366ms] [ERROR] [GSI_LOGGER]: FedCM get() rejects with NetworkError: Error retrieving a token. @ https://accounts.google.com/gsi/client?hl=ko:87
[   38307ms] [ERROR] Failed to load resource: the server responded with a status of 404 () @ https://kr.pinterest.com/resource/ApiResource/create/:0
[   48587ms] [WARNING] The resource https://i.pinimg.com/236x/4e/cd/0a/4ecd0ac97bbd4b438423702f936c1603.jpg was preloaded using link preload but not used within a few seconds from the window's load event. Please make sure it has an appropriate `as` value and it is preloaded intentionally. @ https://kr.pinterest.com/?q=w%20letterform%20continuous%20line%20art%20logo%20mark:0
[   48587ms] [WARNING] The resource https://i.pinimg.com/236x/5c/c1/64/5cc1648c9ec038319086644eadf92b00.jpg was preloaded using link preload but not used within a few seconds from the window's load event. Please make sure it has an appropriate `as` value and it is preloaded intentionally. @ https://kr.pinterest.com/?q=w%20letterform%20continuous%20line%20art%20logo%20mark:0
[   48587ms] [WARNING] The resource https://i.pinimg.com/236x/89/3b/7d/893b7da680e917dc234dcbf13682c9d9.jpg was preloaded using link preload but not used within a few seconds from the window's load event. Please make sure it has an appropriate `as` value and it is preloaded intentionally. @ https://kr.pinterest.com/?q=w%20letterform%20continuous%20line%20art%20logo%20mark:0
[   48587ms] [WARNING] The resource https://i.pinimg.com/236x/15/1b/38/151b38f48a7a54fd802a9b232065ccfe.jpg was preloaded using link preload but not used within a few seconds from the window's load event. Please make sure it has an appropriate `as` value and it is preloaded intentionally. @ https://kr.pinterest.com/?q=w%20letterform%20continuous%20line%20art%20logo%20mark:0
[   48587ms] [WARNING] The resource https://i.pinimg.com/236x/a6/75/3c/a6753cd65c1f18de2b3806b8af6a320e.jpg was preloaded using link preload but not used within a few seconds from the window's load event. Please make sure it has an appropriate `as` value and it is preloaded intentionally. @ https://kr.pinterest.com/?q=w%20letterform%20continuous%20line%20art%20logo%20mark:0
[   48587ms] [WARNING] The resource https://i.pinimg.com/236x/17/4a/1f/174a1fedae2d7497e1b05e24b073cce6.jpg was preloaded using link preload but not used within a few seconds from the window's load event. Please make sure it has an appropriate `as` value and it is preloaded intentionally. @ https://kr.pinterest.com/?q=w%20letterform%20continuous%20line%20art%20logo%20mark:0
[   48588ms] [WARNING] The resource https://i.pinimg.com/236x/2e/da/c6/2edac682cc0711795e91e381ded479f5.jpg was preloaded using link preload but not used within a few seconds from the window's load event. Please make sure it has an appropriate `as` value and it is preloaded intentionally. @ https://kr.pinterest.com/?q=w%20letterform%20continuous%20line%20art%20logo%20mark:0
[   48588ms] [WARNING] The resource https://i.pinimg.com/236x/14/54/1e/14541e74217e88f69334facc21572a1d.jpg was preloaded using link preload but not used within a few seconds from the window's load event. Please make sure it has an appropriate `as` value and it is preloaded intentionally. @ https://kr.pinterest.com/?q=w%20letterform%20continuous%20line%20art%20logo%20mark:0
[   48588ms] [WARNING] The resource https://i.pinimg.com/236x/d5/0f/93/d50f939cde9ed0edc6e0309c6fbf592d.jpg was preloaded using link preload but not used within a few seconds from the window's load event. Please make sure it has an appropriate `as` value and it is preloaded intentionally. @ https://kr.pinterest.com/?q=w%20letterform%20continuous%20line%20art%20logo%20mark:0
[   48588ms] [WARNING] The resource https://i.pinimg.com/236x/63/82/2e/63822e8b753302d5d8f37053482731c6.jpg was preloaded using link preload but not used within a few seconds from the window's load event. Please make sure it has an appropriate `as` value and it is preloaded intentionally. @ https://kr.pinterest.com/?q=w%20letterform%20continuous%20line%20art%20logo%20mark:0
[   48588ms] [WARNING] The resource https://i.pinimg.com/236x/d9/fa/92/d9fa92ac0337e8224d2f4a192e9cd6fd.jpg was preloaded using link preload but not used within a few seconds from the window's load event. Please make sure it has an appropriate `as` value and it is preloaded intentionally. @ https://kr.pinterest.com/?q=w%20letterform%20continuous%20line%20art%20logo%20mark:0
[   48588ms] [WARNING] The resource https://i.pinimg.com/236x/54/d6/db/54d6dbaca749456252ef2976f7acc29f.jpg was preloaded using link preload but not used within a few seconds from the window's load event. Please make sure it has an appropriate `as` value and it is preloaded intentionally. @ https://kr.pinterest.com/?q=w%20letterform%20continuous%20line%20art%20logo%20mark:0
[   48588ms] [WARNING] The resource https://i.pinimg.com/236x/31/b1/99/31b19974c5c44876b4fb52147e9f08fb.jpg was preloaded using link preload but not used within a few seconds from the window's load event. Please make sure it has an appropriate `as` value and it is preloaded intentionally. @ https://kr.pinterest.com/?q=w%20letterform%20continuous%20line%20art%20logo%20mark:0
[   48588ms] [WARNING] The resource https://i.pinimg.com/236x/74/53/a1/7453a1e0dd357efbe5b8295069e2c133.jpg was preloaded using link preload but not used within a few seconds from the window's load event. Please make sure it has an appropriate `as` value and it is preloaded intentionally. @ https://kr.pinterest.com/?q=w%20letterform%20continuous%20line%20art%20logo%20mark:0
[   48588ms] [WARNING] The resource https://i.pinimg.com/236x/e8/7c/0b/e87c0bf1f94b2fefc6857230596ff59d.jpg was preloaded using link preload but not used within a few seconds from the window's load event. Please make sure it has an appropriate `as` value and it is preloaded intentionally. @ https://kr.pinterest.com/?q=w%20letterform%20continuous%20line%20art%20logo%20mark:0
[   48588ms] [WARNING] The resource https://i.pinimg.com/236x/46/6b/af/466baf34e4028ef29269767a6707c7a3.jpg was preloaded using link preload but not used within a few seconds from the window's load event. Please make sure it has an appropriate `as` value and it is preloaded intentionally. @ https://kr.pinterest.com/?q=w%20letterform%20continuous%20line%20art%20logo%20mark:0
[   48588ms] [WARNING] The resource https://i.pinimg.com/236x/24/8b/33/248b3321cfa53d1de93cdf510783f008.jpg was preloaded using link preload but not used within a few seconds from the window's load event. Please make sure it has an appropriate `as` value and it is preloaded intentionally. @ https://kr.pinterest.com/?q=w%20letterform%20continuous%20line%20art%20logo%20mark:0
[   48588ms] [WARNING] The resource https://i.pinimg.com/236x/af/01/62/af01620c8db70798a7253d3eccfbcd58.jpg was preloaded using link preload but not used within a few seconds from the window's load event. Please make sure it has an appropriate `as` value and it is preloaded intentionally. @ https://kr.pinterest.com/?q=w%20letterform%20continuous%20line%20art%20logo%20mark:0
[   48588ms] [WARNING] The resource https://i.pinimg.com/236x/fa/e2/6d/fae26d3d9cd63e1cda9e38ff12651409.jpg was preloaded using link preload but not used within a few seconds from the window's load event. Please make sure it has an appropriate `as` value and it is preloaded intentionally. @ https://kr.pinterest.com/?q=w%20letterform%20continuous%20line%20art%20logo%20mark:0
[   48588ms] [WARNING] The resource https://i.pinimg.com/236x/0e/76/1d/0e761da3c615f547870f67d256d0b99d.jpg was preloaded using link preload but not used within a few seconds from the window's load event. Please make sure it has an appropriate `as` value and it is preloaded intentionally. @ https://kr.pinterest.com/?q=w%20letterform%20continuous%20line%20art%20logo%20mark:0
[   48588ms] [WARNING] The resource https://i.pinimg.com/236x/c9/20/ae/c920ae0870b11bdb0a91dd6fddb8206e.jpg was preloaded using link preload but not used within a few seconds from the window's load event. Please make sure it has an appropriate `as` value and it is preloaded intentionally. @ https://kr.pinterest.com/?q=w%20letterform%20continuous%20line%20art%20logo%20mark:0
[   48588ms] [WARNING] The resource https://i.pinimg.com/236x/78/1b/b8/781bb868be073c6bf10012fc21bf1693.jpg was preloaded using link preload but not used within a few seconds from the window's load event. Please make sure it has an appropriate `as` value and it is preloaded intentionally. @ https://kr.pinterest.com/?q=w%20letterform%20continuous%20line%20art%20logo%20mark:0
[   48588ms] [WARNING] The resource https://i.pinimg.com/236x/cd/c6/e4/cdc6e48619d9d13736bc9e52fd0a65d7.jpg was preloaded using link preload but not used within a few seconds from the window's load event. Please make sure it has an appropriate `as` value and it is preloaded intentionally. @ https://kr.pinterest.com/?q=w%20letterform%20continuous%20line%20art%20logo%20mark:0
[   48588ms] [WARNING] The resource https://i.pinimg.com/236x/e7/56/69/e75669a4c4973003290c4fb8d28da85d.jpg was preloaded using link preload but not used within a few seconds from the window's load event. Please make sure it has an appropriate `as` value and it is preloaded intentionally. @ https://kr.pinterest.com/?q=w%20letterform%20continuous%20line%20art%20logo%20mark:0
[   48588ms] [WARNING] The resource https://i.pinimg.com/236x/d8/50/83/d850838248f7607202fdf7b1dd01b6d6.jpg was preloaded using link preload but not used within a few seconds from the window's load event. Please make sure it has an appropriate `as` value and it is preloaded intentionally. @ https://kr.pinterest.com/?q=w%20letterform%20continuous%20line%20art%20logo%20mark:0
[   48588ms] [WARNING] The resource https://i.pinimg.com/236x/79/e8/46/79e846902b64c4b7ddd433700b396db5.jpg was preloaded using link preload but not used within a few seconds from the window's load event. Please make sure it has an appropriate `as` value and it is preloaded intentionally. @ https://kr.pinterest.com/?q=w%20letterform%20continuous%20line%20art%20logo%20mark:0
[   66885ms] [WARNING] The resource https://i.pinimg.com/236x/4e/cd/0a/4ecd0ac97bbd4b438423702f936c1603.jpg was preloaded using link preload but not used within a few seconds from the window's load event. Please make sure it has an appropriate `as` value and it is preloaded intentionally. @ https://kr.pinterest.com/?q=w%20letterform%20continuous%20line%20art%20logo%20mark:0
[   66885ms] [WARNING] The resource https://i.pinimg.com/236x/5c/c1/64/5cc1648c9ec038319086644eadf92b00.jpg was preloaded using link preload but not used within a few seconds from the window's load event. Please make sure it has an appropriate `as` value and it is preloaded intentionally. @ https://kr.pinterest.com/?q=w%20letterform%20continuous%20line%20art%20logo%20mark:0
[   66885ms] [WARNING] The resource https://i.pinimg.com/236x/89/3b/7d/893b7da680e917dc234dcbf13682c9d9.jpg was preloaded using link preload but not used within a few seconds from the window's load event. Please make sure it has an appropriate `as` value and it is preloaded intentionally. @ https://kr.pinterest.com/?q=w%20letterform%20continuous%20line%20art%20logo%20mark:0
[   66885ms] [WARNING] The resource https://i.pinimg.com/236x/15/1b/38/151b38f48a7a54fd802a9b232065ccfe.jpg was preloaded using link preload but not used within a few seconds from the window's load event. Please make sure it has an appropriate `as` value and it is preloaded intentionally. @ https://kr.pinterest.com/?q=w%20letterform%20continuous%20line%20art%20logo%20mark:0
[   66885ms] [WARNING] The resource https://i.pinimg.com/236x/a6/75/3c/a6753cd65c1f18de2b3806b8af6a320e.jpg was preloaded using link preload but not used within a few seconds from the window's load event. Please make sure it has an appropriate `as` value and it is preloaded intentionally. @ https://kr.pinterest.com/?q=w%20letterform%20continuous%20line%20art%20logo%20mark:0
[   66885ms] [WARNING] The resource https://i.pinimg.com/236x/17/4a/1f/174a1fedae2d7497e1b05e24b073cce6.jpg was preloaded using link preload but not used within a few seconds from the window's load event. Please make sure it has an appropriate `as` value and it is preloaded intentionally. @ https://kr.pinterest.com/?q=w%20letterform%20continuous%20line%20art%20logo%20mark:0
[   66885ms] [WARNING] The resource https://i.pinimg.com/236x/2e/da/c6/2edac682cc0711795e91e381ded479f5.jpg was preloaded using link preload but not used within a few seconds from the window's load event. Please make sure it has an appropriate `as` value and it is preloaded intentionally. @ https://kr.pinterest.com/?q=w%20letterform%20continuous%20line%20art%20logo%20mark:0
[   66885ms] [WARNING] The resource https://i.pinimg.com/236x/14/54/1e/14541e74217e88f69334facc21572a1d.jpg was preloaded using link preload but not used within a few seconds from the window's load event. Please make sure it has an appropriate `as` value and it is preloaded intentionally. @ https://kr.pinterest.com/?q=w%20letterform%20continuous%20line%20art%20logo%20mark:0
[   66885ms] [WARNING] The resource https://i.pinimg.com/236x/d5/0f/93/d50f939cde9ed0edc6e0309c6fbf592d.jpg was preloaded using link preload but not used within a few seconds from the window's load event. Please make sure it has an appropriate `as` value and it is preloaded intentionally. @ https://kr.pinterest.com/?q=w%20letterform%20continuous%20line%20art%20logo%20mark:0
[   66885ms] [WARNING] The resource https://i.pinimg.com/236x/63/82/2e/63822e8b753302d5d8f37053482731c6.jpg was preloaded using link preload but not used within a few seconds from the window's load event. Please make sure it has an appropriate `as` value and it is preloaded intentionally. @ https://kr.pinterest.com/?q=w%20letterform%20continuous%20line%20art%20logo%20mark:0
[   66885ms] [WARNING] The resource https://i.pinimg.com/236x/d9/fa/92/d9fa92ac0337e8224d2f4a192e9cd6fd.jpg was preloaded using link preload but not used within a few seconds from the window's load event. Please make sure it has an appropriate `as` value and it is preloaded intentionally. @ https://kr.pinterest.com/?q=w%20letterform%20continuous%20line%20art%20logo%20mark:0
[   66885ms] [WARNING] The resource https://i.pinimg.com/236x/54/d6/db/54d6dbaca749456252ef2976f7acc29f.jpg was preloaded using link preload but not used within a few seconds from the window's load event. Please make sure it has an appropriate `as` value and it is preloaded intentionally. @ https://kr.pinterest.com/?q=w%20letterform%20continuous%20line%20art%20logo%20mark:0
[   66887ms] [WARNING] The resource https://i.pinimg.com/236x/31/b1/99/31b19974c5c44876b4fb52147e9f08fb.jpg was preloaded using link preload but not used within a few seconds from the window's load event. Please make sure it has an appropriate `as` value and it is preloaded intentionally. @ https://kr.pinterest.com/?q=w%20letterform%20continuous%20line%20art%20logo%20mark:0
[   66887ms] [WARNING] The resource https://i.pinimg.com/236x/74/53/a1/7453a1e0dd357efbe5b8295069e2c133.jpg was preloaded using link preload but not used within a few seconds from the window's load event. Please make sure it has an appropriate `as` value and it is preloaded intentionally. @ https://kr.pinterest.com/?q=w%20letterform%20continuous%20line%20art%20logo%20mark:0
[   66887ms] [WARNING] The resource https://i.pinimg.com/236x/e8/7c/0b/e87c0bf1f94b2fefc6857230596ff59d.jpg was preloaded using link preload but not used within a few seconds from the window's load event. Please make sure it has an appropriate `as` value and it is preloaded intentionally. @ https://kr.pinterest.com/?q=w%20letterform%20continuous%20line%20art%20logo%20mark:0
[   66887ms] [WARNING] The resource https://i.pinimg.com/236x/46/6b/af/466baf34e4028ef29269767a6707c7a3.jpg was preloaded using link preload but not used within a few seconds from the window's load event. Please make sure it has an appropriate `as` value and it is preloaded intentionally. @ https://kr.pinterest.com/?q=w%20letterform%20continuous%20line%20art%20logo%20mark:0
[   66887ms] [WARNING] The resource https://i.pinimg.com/236x/24/8b/33/248b3321cfa53d1de93cdf510783f008.jpg was preloaded using link preload but not used within a few seconds from the window's load event. Please make sure it has an appropriate `as` value and it is preloaded intentionally. @ https://kr.pinterest.com/?q=w%20letterform%20continuous%20line%20art%20logo%20mark:0
[   66887ms] [WARNING] The resource https://i.pinimg.com/236x/af/01/62/af01620c8db70798a7253d3eccfbcd58.jpg was preloaded using link preload but not used within a few seconds from the window's load event. Please make sure it has an appropriate `as` value and it is preloaded intentionally. @ https://kr.pinterest.com/?q=w%20letterform%20continuous%20line%20art%20logo%20mark:0
[   66887ms] [WARNING] The resource https://i.pinimg.com/236x/fa/e2/6d/fae26d3d9cd63e1cda9e38ff12651409.jpg was preloaded using link preload but not used within a few seconds from the window's load event. Please make sure it has an appropriate `as` value and it is preloaded intentionally. @ https://kr.pinterest.com/?q=w%20letterform%20continuous%20line%20art%20logo%20mark:0
[   66887ms] [WARNING] The resource https://i.pinimg.com/236x/0e/76/1d/0e761da3c615f547870f67d256d0b99d.jpg was preloaded using link preload but not used within a few seconds from the window's load event. Please make sure it has an appropriate `as` value and it is preloaded intentionally. @ https://kr.pinterest.com/?q=w%20letterform%20continuous%20line%20art%20logo%20mark:0
[   66887ms] [WARNING] The resource https://i.pinimg.com/236x/c9/20/ae/c920ae0870b11bdb0a91dd6fddb8206e.jpg was preloaded using link preload but not used within a few seconds from the window's load event. Please make sure it has an appropriate `as` value and it is preloaded intentionally. @ https://kr.pinterest.com/?q=w%20letterform%20continuous%20line%20art%20logo%20mark:0
[   66887ms] [WARNING] The resource https://i.pinimg.com/236x/78/1b/b8/781bb868be073c6bf10012fc21bf1693.jpg was preloaded using link preload but not used within a few seconds from the window's load event. Please make sure it has an appropriate `as` value and it is preloaded intentionally. @ https://kr.pinterest.com/?q=w%20letterform%20continuous%20line%20art%20logo%20mark:0
[   66887ms] [WARNING] The resource https://i.pinimg.com/236x/cd/c6/e4/cdc6e48619d9d13736bc9e52fd0a65d7.jpg was preloaded using link preload but not used within a few seconds from the window's load event. Please make sure it has an appropriate `as` value and it is preloaded intentionally. @ https://kr.pinterest.com/?q=w%20letterform%20continuous%20line%20art%20logo%20mark:0
[   66887ms] [WARNING] The resource https://i.pinimg.com/236x/e7/56/69/e75669a4c4973003290c4fb8d28da85d.jpg was preloaded using link preload but not used within a few seconds from the window's load event. Please make sure it has an appropriate `as` value and it is preloaded intentionally. @ https://kr.pinterest.com/?q=w%20letterform%20continuous%20line%20art%20logo%20mark:0
[   66887ms] [WARNING] The resource https://i.pinimg.com/236x/d8/50/83/d850838248f7607202fdf7b1dd01b6d6.jpg was preloaded using link preload but not used within a few seconds from the window's load event. Please make sure it has an appropriate `as` value and it is preloaded intentionally. @ https://kr.pinterest.com/?q=w%20letterform%20continuous%20line%20art%20logo%20mark:0
[   66887ms] [WARNING] The resource https://i.pinimg.com/236x/79/e8/46/79e846902b64c4b7ddd433700b396db5.jpg was preloaded using link preload but not used within a few seconds from the window's load event. Please make sure it has an appropriate `as` value and it is preloaded intentionally. @ https://kr.pinterest.com/?q=w%20letterform%20continuous%20line%20art%20logo%20mark:0
[   79253ms] [WARNING] The resource https://i.pinimg.com/236x/4e/cd/0a/4ecd0ac97bbd4b438423702f936c1603.jpg was preloaded using link preload but not used within a few seconds from the window's load event. Please make sure it has an appropriate `as` value and it is preloaded intentionally. @ https://kr.pinterest.com/?q=w%20letterform%20continuous%20line%20art%20logo%20mark:0
[   79253ms] [WARNING] The resource https://i.pinimg.com/236x/5c/c1/64/5cc1648c9ec038319086644eadf92b00.jpg was preloaded using link preload but not used within a few seconds from the window's load event. Please make sure it has an appropriate `as` value and it is preloaded intentionally. @ https://kr.pinterest.com/?q=w%20letterform%20continuous%20line%20art%20logo%20mark:0
[   79253ms] [WARNING] The resource https://i.pinimg.com/236x/89/3b/7d/893b7da680e917dc234dcbf13682c9d9.jpg was preloaded using link preload but not used within a few seconds from the window's load event. Please make sure it has an appropriate `as` value and it is preloaded intentionally. @ https://kr.pinterest.com/?q=w%20letterform%20continuous%20line%20art%20logo%20mark:0
[   79253ms] [WARNING] The resource https://i.pinimg.com/236x/15/1b/38/151b38f48a7a54fd802a9b232065ccfe.jpg was preloaded using link preload but not used within a few seconds from the window's load event. Please make sure it has an appropriate `as` value and it is preloaded intentionally. @ https://kr.pinterest.com/?q=w%20letterform%20continuous%20line%20art%20logo%20mark:0
[   79253ms] [WARNING] The resource https://i.pinimg.com/236x/a6/75/3c/a6753cd65c1f18de2b3806b8af6a320e.jpg was preloaded using link preload but not used within a few seconds from the window's load event. Please make sure it has an appropriate `as` value and it is preloaded intentionally. @ https://kr.pinterest.com/?q=w%20letterform%20continuous%20line%20art%20logo%20mark:0
[   79253ms] [WARNING] The resource https://i.pinimg.com/236x/17/4a/1f/174a1fedae2d7497e1b05e24b073cce6.jpg was preloaded using link preload but not used within a few seconds from the window's load event. Please make sure it has an appropriate `as` value and it is preloaded intentionally. @ https://kr.pinterest.com/?q=w%20letterform%20continuous%20line%20art%20logo%20mark:0
[   79253ms] [WARNING] The resource https://i.pinimg.com/236x/2e/da/c6/2edac682cc0711795e91e381ded479f5.jpg was preloaded using link preload but not used within a few seconds from the window's load event. Please make sure it has an appropriate `as` value and it is preloaded intentionally. @ https://kr.pinterest.com/?q=w%20letterform%20continuous%20line%20art%20logo%20mark:0
[   79253ms] [WARNING] The resource https://i.pinimg.com/236x/14/54/1e/14541e74217e88f69334facc21572a1d.jpg was preloaded using link preload but not used within a few seconds from the window's load event. Please make sure it has an appropriate `as` value and it is preloaded intentionally. @ https://kr.pinterest.com/?q=w%20letterform%20continuous%20line%20art%20logo%20mark:0
[   79253ms] [WARNING] The resource https://i.pinimg.com/236x/d5/0f/93/d50f939cde9ed0edc6e0309c6fbf592d.jpg was preloaded using link preload but not used within a few seconds from the window's load event. Please make sure it has an appropriate `as` value and it is preloaded intentionally. @ https://kr.pinterest.com/?q=w%20letterform%20continuous%20line%20art%20logo%20mark:0
[   79253ms] [WARNING] The resource https://i.pinimg.com/236x/63/82/2e/63822e8b753302d5d8f37053482731c6.jpg was preloaded using link preload but not used within a few seconds from the window's load event. Please make sure it has an appropriate `as` value and it is preloaded intentionally. @ https://kr.pinterest.com/?q=w%20letterform%20continuous%20line%20art%20logo%20mark:0
[   79253ms] [WARNING] The resource https://i.pinimg.com/236x/d9/fa/92/d9fa92ac0337e8224d2f4a192e9cd6fd.jpg was preloaded using link preload but not used within a few seconds from the window's load event. Please make sure it has an appropriate `as` value and it is preloaded intentionally. @ https://kr.pinterest.com/?q=w%20letterform%20continuous%20line%20art%20logo%20mark:0
[   79253ms] [WARNING] The resource https://i.pinimg.com/236x/54/d6/db/54d6dbaca749456252ef2976f7acc29f.jpg was preloaded using link preload but not used within a few seconds from the window's load event. Please make sure it has an appropriate `as` value and it is preloaded intentionally. @ https://kr.pinterest.com/?q=w%20letterform%20continuous%20line%20art%20logo%20mark:0
[   79253ms] [WARNING] The resource https://i.pinimg.com/236x/31/b1/99/31b19974c5c44876b4fb52147e9f08fb.jpg was preloaded using link preload but not used within a few seconds from the window's load event. Please make sure it has an appropriate `as` value and it is preloaded intentionally. @ https://kr.pinterest.com/?q=w%20letterform%20continuous%20line%20art%20logo%20mark:0
[   79253ms] [WARNING] The resource https://i.pinimg.com/236x/74/53/a1/7453a1e0dd357efbe5b8295069e2c133.jpg was preloaded using link preload but not used within a few seconds from the window's load event. Please make sure it has an appropriate `as` value and it is preloaded intentionally. @ https://kr.pinterest.com/?q=w%20letterform%20continuous%20line%20art%20logo%20mark:0
[   79253ms] [WARNING] The resource https://i.pinimg.com/236x/e8/7c/0b/e87c0bf1f94b2fefc6857230596ff59d.jpg was preloaded using link preload but not used within a few seconds from the window's load event. Please make sure it has an appropriate `as` value and it is preloaded intentionally. @ https://kr.pinterest.com/?q=w%20letterform%20continuous%20line%20art%20logo%20mark:0
[   79253ms] [WARNING] The resource https://i.pinimg.com/236x/46/6b/af/466baf34e4028ef29269767a6707c7a3.jpg was preloaded using link preload but not used within a few seconds from the window's load event. Please make sure it has an appropriate `as` value and it is preloaded intentionally. @ https://kr.pinterest.com/?q=w%20letterform%20continuous%20line%20art%20logo%20mark:0
[   79253ms] [WARNING] The resource https://i.pinimg.com/236x/24/8b/33/248b3321cfa53d1de93cdf510783f008.jpg was preloaded using link preload but not used within a few seconds from the window's load event. Please make sure it has an appropriate `as` value and it is preloaded intentionally. @ https://kr.pinterest.com/?q=w%20letterform%20continuous%20line%20art%20logo%20mark:0
[   79253ms] [WARNING] The resource https://i.pinimg.com/236x/af/01/62/af01620c8db70798a7253d3eccfbcd58.jpg was preloaded using link preload but not used within a few seconds from the window's load event. Please make sure it has an appropriate `as` value and it is preloaded intentionally. @ https://kr.pinterest.com/?q=w%20letterform%20continuous%20line%20art%20logo%20mark:0
[   79253ms] [WARNING] The resource https://i.pinimg.com/236x/fa/e2/6d/fae26d3d9cd63e1cda9e38ff12651409.jpg was preloaded using link preload but not used within a few seconds from the window's load event. Please make sure it has an appropriate `as` value and it is preloaded intentionally. @ https://kr.pinterest.com/?q=w%20letterform%20continuous%20line%20art%20logo%20mark:0
[   79253ms] [WARNING] The resource https://i.pinimg.com/236x/0e/76/1d/0e761da3c615f547870f67d256d0b99d.jpg was preloaded using link preload but not used within a few seconds from the window's load event. Please make sure it has an appropriate `as` value and it is preloaded intentionally. @ https://kr.pinterest.com/?q=w%20letterform%20continuous%20line%20art%20logo%20mark:0
[   79253ms] [WARNING] The resource https://i.pinimg.com/236x/c9/20/ae/c920ae0870b11bdb0a91dd6fddb8206e.jpg was preloaded using link preload but not used within a few seconds from the window's load event. Please make sure it has an appropriate `as` value and it is preloaded intentionally. @ https://kr.pinterest.com/?q=w%20letterform%20continuous%20line%20art%20logo%20mark:0
[   79253ms] [WARNING] The resource https://i.pinimg.com/236x/78/1b/b8/781bb868be073c6bf10012fc21bf1693.jpg was preloaded using link preload but not used within a few seconds from the window's load event. Please make sure it has an appropriate `as` value and it is preloaded intentionally. @ https://kr.pinterest.com/?q=w%20letterform%20continuous%20line%20art%20logo%20mark:0
[   79253ms] [WARNING] The resource https://i.pinimg.com/236x/cd/c6/e4/cdc6e48619d9d13736bc9e52fd0a65d7.jpg was preloaded using link preload but not used within a few seconds from the window's load event. Please make sure it has an appropriate `as` value and it is preloaded intentionally. @ https://kr.pinterest.com/?q=w%20letterform%20continuous%20line%20art%20logo%20mark:0
[   79253ms] [WARNING] The resource https://i.pinimg.com/236x/e7/56/69/e75669a4c4973003290c4fb8d28da85d.jpg was preloaded using link preload but not used within a few seconds from the window's load event. Please make sure it has an appropriate `as` value and it is preloaded intentionally. @ https://kr.pinterest.com/?q=w%20letterform%20continuous%20line%20art%20logo%20mark:0
[   79253ms] [WARNING] The resource https://i.pinimg.com/236x/d8/50/83/d850838248f7607202fdf7b1dd01b6d6.jpg was preloaded using link preload but not used within a few seconds from the window's load event. Please make sure it has an appropriate `as` value and it is preloaded intentionally. @ https://kr.pinterest.com/?q=w%20letterform%20continuous%20line%20art%20logo%20mark:0
[   79253ms] [WARNING] The resource https://i.pinimg.com/236x/79/e8/46/79e846902b64c4b7ddd433700b396db5.jpg was preloaded using link preload but not used within a few seconds from the window's load event. Please make sure it has an appropriate `as` value and it is preloaded intentionally. @ https://kr.pinterest.com/?q=w%20letterform%20continuous%20line%20art%20logo%20mark:0
[   84184ms] [WARNING] The resource https://i.pinimg.com/236x/4e/cd/0a/4ecd0ac97bbd4b438423702f936c1603.jpg was preloaded using link preload but not used within a few seconds from the window's load event. Please make sure it has an appropriate `as` value and it is preloaded intentionally. @ https://kr.pinterest.com/?q=w%20letterform%20continuous%20line%20art%20logo%20mark:0
[   84184ms] [WARNING] The resource https://i.pinimg.com/236x/5c/c1/64/5cc1648c9ec038319086644eadf92b00.jpg was preloaded using link preload but not used within a few seconds from the window's load event. Please make sure it has an appropriate `as` value and it is preloaded intentionally. @ https://kr.pinterest.com/?q=w%20letterform%20continuous%20line%20art%20logo%20mark:0
[   84184ms] [WARNING] The resource https://i.pinimg.com/236x/89/3b/7d/893b7da680e917dc234dcbf13682c9d9.jpg was preloaded using link preload but not used within a few seconds from the window's load event. Please make sure it has an appropriate `as` value and it is preloaded intentionally. @ https://kr.pinterest.com/?q=w%20letterform%20continuous%20line%20art%20logo%20mark:0
[   84184ms] [WARNING] The resource https://i.pinimg.com/236x/15/1b/38/151b38f48a7a54fd802a9b232065ccfe.jpg was preloaded using link preload but not used within a few seconds from the window's load event. Please make sure it has an appropriate `as` value and it is preloaded intentionally. @ https://kr.pinterest.com/?q=w%20letterform%20continuous%20line%20art%20logo%20mark:0
[   84184ms] [WARNING] The resource https://i.pinimg.com/236x/a6/75/3c/a6753cd65c1f18de2b3806b8af6a320e.jpg was preloaded using link preload but not used within a few seconds from the window's load event. Please make sure it has an appropriate `as` value and it is preloaded intentionally. @ https://kr.pinterest.com/?q=w%20letterform%20continuous%20line%20art%20logo%20mark:0
[   84184ms] [WARNING] The resource https://i.pinimg.com/236x/17/4a/1f/174a1fedae2d7497e1b05e24b073cce6.jpg was preloaded using link preload but not used within a few seconds from the window's load event. Please make sure it has an appropriate `as` value and it is preloaded intentionally. @ https://kr.pinterest.com/?q=w%20letterform%20continuous%20line%20art%20logo%20mark:0
[   84184ms] [WARNING] The resource https://i.pinimg.com/236x/2e/da/c6/2edac682cc0711795e91e381ded479f5.jpg was preloaded using link preload but not used within a few seconds from the window's load event. Please make sure it has an appropriate `as` value and it is preloaded intentionally. @ https://kr.pinterest.com/?q=w%20letterform%20continuous%20line%20art%20logo%20mark:0
[   84184ms] [WARNING] The resource https://i.pinimg.com/236x/14/54/1e/14541e74217e88f69334facc21572a1d.jpg was preloaded using link preload but not used within a few seconds from the window's load event. Please make sure it has an appropriate `as` value and it is preloaded intentionally. @ https://kr.pinterest.com/?q=w%20letterform%20continuous%20line%20art%20logo%20mark:0
[   84184ms] [WARNING] The resource https://i.pinimg.com/236x/d5/0f/93/d50f939cde9ed0edc6e0309c6fbf592d.jpg was preloaded using link preload but not used within a few seconds from the window's load event. Please make sure it has an appropriate `as` value and it is preloaded intentionally. @ https://kr.pinterest.com/?q=w%20letterform%20continuous%20line%20art%20logo%20mark:0
[   84184ms] [WARNING] The resource https://i.pinimg.com/236x/63/82/2e/63822e8b753302d5d8f37053482731c6.jpg was preloaded using link preload but not used within a few seconds from the window's load event. Please make sure it has an appropriate `as` value and it is preloaded intentionally. @ https://kr.pinterest.com/?q=w%20letterform%20continuous%20line%20art%20logo%20mark:0
[   84184ms] [WARNING] The resource https://i.pinimg.com/236x/d9/fa/92/d9fa92ac0337e8224d2f4a192e9cd6fd.jpg was preloaded using link preload but not used within a few seconds from the window's load event. Please make sure it has an appropriate `as` value and it is preloaded intentionally. @ https://kr.pinterest.com/?q=w%20letterform%20continuous%20line%20art%20logo%20mark:0
[   84184ms] [WARNING] The resource https://i.pinimg.com/236x/54/d6/db/54d6dbaca749456252ef2976f7acc29f.jpg was preloaded using link preload but not used within a few seconds from the window's load event. Please make sure it has an appropriate `as` value and it is preloaded intentionally. @ https://kr.pinterest.com/?q=w%20letterform%20continuous%20line%20art%20logo%20mark:0
[   84184ms] [WARNING] The resource https://i.pinimg.com/236x/31/b1/99/31b19974c5c44876b4fb52147e9f08fb.jpg was preloaded using link preload but not used within a few seconds from the window's load event. Please make sure it has an appropriate `as` value and it is preloaded intentionally. @ https://kr.pinterest.com/?q=w%20letterform%20continuous%20line%20art%20logo%20mark:0
[   84184ms] [WARNING] The resource https://i.pinimg.com/236x/74/53/a1/7453a1e0dd357efbe5b8295069e2c133.jpg was preloaded using link preload but not used within a few seconds from the window's load event. Please make sure it has an appropriate `as` value and it is preloaded intentionally. @ https://kr.pinterest.com/?q=w%20letterform%20continuous%20line%20art%20logo%20mark:0
[   84184ms] [WARNING] The resource https://i.pinimg.com/236x/e8/7c/0b/e87c0bf1f94b2fefc6857230596ff59d.jpg was preloaded using link preload but not used within a few seconds from the window's load event. Please make sure it has an appropriate `as` value and it is preloaded intentionally. @ https://kr.pinterest.com/?q=w%20letterform%20continuous%20line%20art%20logo%20mark:0
[   84184ms] [WARNING] The resource https://i.pinimg.com/236x/46/6b/af/466baf34e4028ef29269767a6707c7a3.jpg was preloaded using link preload but not used within a few seconds from the window's load event. Please make sure it has an appropriate `as` value and it is preloaded intentionally. @ https://kr.pinterest.com/?q=w%20letterform%20continuous%20line%20art%20logo%20mark:0
[   84184ms] [WARNING] The resource https://i.pinimg.com/236x/24/8b/33/248b3321cfa53d1de93cdf510783f008.jpg was preloaded using link preload but not used within a few seconds from the window's load event. Please make sure it has an appropriate `as` value and it is preloaded intentionally. @ https://kr.pinterest.com/?q=w%20letterform%20continuous%20line%20art%20logo%20mark:0
[   84184ms] [WARNING] The resource https://i.pinimg.com/236x/af/01/62/af01620c8db70798a7253d3eccfbcd58.jpg was preloaded using link preload but not used within a few seconds from the window's load event. Please make sure it has an appropriate `as` value and it is preloaded intentionally. @ https://kr.pinterest.com/?q=w%20letterform%20continuous%20line%20art%20logo%20mark:0
[   84184ms] [WARNING] The resource https://i.pinimg.com/236x/fa/e2/6d/fae26d3d9cd63e1cda9e38ff12651409.jpg was preloaded using link preload but not used within a few seconds from the window's load event. Please make sure it has an appropriate `as` value and it is preloaded intentionally. @ https://kr.pinterest.com/?q=w%20letterform%20continuous%20line%20art%20logo%20mark:0
[   84184ms] [WARNING] The resource https://i.pinimg.com/236x/0e/76/1d/0e761da3c615f547870f67d256d0b99d.jpg was preloaded using link preload but not used within a few seconds from the window's load event. Please make sure it has an appropriate `as` value and it is preloaded intentionally. @ https://kr.pinterest.com/?q=w%20letterform%20continuous%20line%20art%20logo%20mark:0
[   84184ms] [WARNING] The resource https://i.pinimg.com/236x/c9/20/ae/c920ae0870b11bdb0a91dd6fddb8206e.jpg was preloaded using link preload but not used within a few seconds from the window's load event. Please make sure it has an appropriate `as` value and it is preloaded intentionally. @ https://kr.pinterest.com/?q=w%20letterform%20continuous%20line%20art%20logo%20mark:0
[   84184ms] [WARNING] The resource https://i.pinimg.com/236x/78/1b/b8/781bb868be073c6bf10012fc21bf1693.jpg was preloaded using link preload but not used within a few seconds from the window's load event. Please make sure it has an appropriate `as` value and it is preloaded intentionally. @ https://kr.pinterest.com/?q=w%20letterform%20continuous%20line%20art%20logo%20mark:0
[   84184ms] [WARNING] The resource https://i.pinimg.com/236x/cd/c6/e4/cdc6e48619d9d13736bc9e52fd0a65d7.jpg was preloaded using link preload but not used within a few seconds from the window's load event. Please make sure it has an appropriate `as` value and it is preloaded intentionally. @ https://kr.pinterest.com/?q=w%20letterform%20continuous%20line%20art%20logo%20mark:0
[   84184ms] [WARNING] The resource https://i.pinimg.com/236x/e7/56/69/e75669a4c4973003290c4fb8d28da85d.jpg was preloaded using link preload but not used within a few seconds from the window's load event. Please make sure it has an appropriate `as` value and it is preloaded intentionally. @ https://kr.pinterest.com/?q=w%20letterform%20continuous%20line%20art%20logo%20mark:0
[   84184ms] [WARNING] The resource https://i.pinimg.com/236x/d8/50/83/d850838248f7607202fdf7b1dd01b6d6.jpg was preloaded using link preload but not used within a few seconds from the window's load event. Please make sure it has an appropriate `as` value and it is preloaded intentionally. @ https://kr.pinterest.com/?q=w%20letterform%20continuous%20line%20art%20logo%20mark:0
[   84184ms] [WARNING] The resource https://i.pinimg.com/236x/79/e8/46/79e846902b64c4b7ddd433700b396db5.jpg was preloaded using link preload but not used within a few seconds from the window's load event. Please make sure it has an appropriate `as` value and it is preloaded intentionally. @ https://kr.pinterest.com/?q=w%20letterform%20continuous%20line%20art%20logo%20mark:0
[  121451ms] [WARNING] The resource https://i.pinimg.com/236x/4e/cd/0a/4ecd0ac97bbd4b438423702f936c1603.jpg was preloaded using link preload but not used within a few seconds from the window's load event. Please make sure it has an appropriate `as` value and it is preloaded intentionally. @ https://kr.pinterest.com/?q=w%20letterform%20continuous%20line%20art%20logo%20mark:0
[  121451ms] [WARNING] The resource https://i.pinimg.com/236x/5c/c1/64/5cc1648c9ec038319086644eadf92b00.jpg was preloaded using link preload but not used within a few seconds from the window's load event. Please make sure it has an appropriate `as` value and it is preloaded intentionally. @ https://kr.pinterest.com/?q=w%20letterform%20continuous%20line%20art%20logo%20mark:0
[  121451ms] [WARNING] The resource https://i.pinimg.com/236x/89/3b/7d/893b7da680e917dc234dcbf13682c9d9.jpg was preloaded using link preload but not used within a few seconds from the window's load event. Please make sure it has an appropriate `as` value and it is preloaded intentionally. @ https://kr.pinterest.com/?q=w%20letterform%20continuous%20line%20art%20logo%20mark:0
[  121451ms] [WARNING] The resource https://i.pinimg.com/236x/15/1b/38/151b38f48a7a54fd802a9b232065ccfe.jpg was preloaded using link preload but not used within a few seconds from the window's load event. Please make sure it has an appropriate `as` value and it is preloaded intentionally. @ https://kr.pinterest.com/?q=w%20letterform%20continuous%20line%20art%20logo%20mark:0
[  121451ms] [WARNING] The resource https://i.pinimg.com/236x/a6/75/3c/a6753cd65c1f18de2b3806b8af6a320e.jpg was preloaded using link preload but not used within a few seconds from the window's load event. Please make sure it has an appropriate `as` value and it is preloaded intentionally. @ https://kr.pinterest.com/?q=w%20letterform%20continuous%20line%20art%20logo%20mark:0
[  121451ms] [WARNING] The resource https://i.pinimg.com/236x/17/4a/1f/174a1fedae2d7497e1b05e24b073cce6.jpg was preloaded using link preload but not used within a few seconds from the window's load event. Please make sure it has an appropriate `as` value and it is preloaded intentionally. @ https://kr.pinterest.com/?q=w%20letterform%20continuous%20line%20art%20logo%20mark:0
[  121451ms] [WARNING] The resource https://i.pinimg.com/236x/2e/da/c6/2edac682cc0711795e91e381ded479f5.jpg was preloaded using link preload but not used within a few seconds from the window's load event. Please make sure it has an appropriate `as` value and it is preloaded intentionally. @ https://kr.pinterest.com/?q=w%20letterform%20continuous%20line%20art%20logo%20mark:0
[  121451ms] [WARNING] The resource https://i.pinimg.com/236x/14/54/1e/14541e74217e88f69334facc21572a1d.jpg was preloaded using link preload but not used within a few seconds from the window's load event. Please make sure it has an appropriate `as` value and it is preloaded intentionally. @ https://kr.pinterest.com/?q=w%20letterform%20continuous%20line%20art%20logo%20mark:0
[  121451ms] [WARNING] The resource https://i.pinimg.com/236x/d5/0f/93/d50f939cde9ed0edc6e0309c6fbf592d.jpg was preloaded using link preload but not used within a few seconds from the window's load event. Please make sure it has an appropriate `as` value and it is preloaded intentionally. @ https://kr.pinterest.com/?q=w%20letterform%20continuous%20line%20art%20logo%20mark:0
[  121451ms] [WARNING] The resource https://i.pinimg.com/236x/63/82/2e/63822e8b753302d5d8f37053482731c6.jpg was preloaded using link preload but not used within a few seconds from the window's load event. Please make sure it has an appropriate `as` value and it is preloaded intentionally. @ https://kr.pinterest.com/?q=w%20letterform%20continuous%20line%20art%20logo%20mark:0
[  121451ms] [WARNING] The resource https://i.pinimg.com/236x/d9/fa/92/d9fa92ac0337e8224d2f4a192e9cd6fd.jpg was preloaded using link preload but not used within a few seconds from the window's load event. Please make sure it has an appropriate `as` value and it is preloaded intentionally. @ https://kr.pinterest.com/?q=w%20letterform%20continuous%20line%20art%20logo%20mark:0
[  121451ms] [WARNING] The resource https://i.pinimg.com/236x/54/d6/db/54d6dbaca749456252ef2976f7acc29f.jpg was preloaded using link preload but not used within a few seconds from the window's load event. Please make sure it has an appropriate `as` value and it is preloaded intentionally. @ https://kr.pinterest.com/?q=w%20letterform%20continuous%20line%20art%20logo%20mark:0
[  121451ms] [WARNING] The resource https://i.pinimg.com/236x/31/b1/99/31b19974c5c44876b4fb52147e9f08fb.jpg was preloaded using link preload but not used within a few seconds from the window's load event. Please make sure it has an appropriate `as` value and it is preloaded intentionally. @ https://kr.pinterest.com/?q=w%20letterform%20continuous%20line%20art%20logo%20mark:0
[  121451ms] [WARNING] The resource https://i.pinimg.com/236x/74/53/a1/7453a1e0dd357efbe5b8295069e2c133.jpg was preloaded using link preload but not used within a few seconds from the window's load event. Please make sure it has an appropriate `as` value and it is preloaded intentionally. @ https://kr.pinterest.com/?q=w%20letterform%20continuous%20line%20art%20logo%20mark:0
[  121451ms] [WARNING] The resource https://i.pinimg.com/236x/e8/7c/0b/e87c0bf1f94b2fefc6857230596ff59d.jpg was preloaded using link preload but not used within a few seconds from the window's load event. Please make sure it has an appropriate `as` value and it is preloaded intentionally. @ https://kr.pinterest.com/?q=w%20letterform%20continuous%20line%20art%20logo%20mark:0
[  121451ms] [WARNING] The resource https://i.pinimg.com/236x/46/6b/af/466baf34e4028ef29269767a6707c7a3.jpg was preloaded using link preload but not used within a few seconds from the window's load event. Please make sure it has an appropriate `as` value and it is preloaded intentionally. @ https://kr.pinterest.com/?q=w%20letterform%20continuous%20line%20art%20logo%20mark:0
[  121451ms] [WARNING] The resource https://i.pinimg.com/236x/24/8b/33/248b3321cfa53d1de93cdf510783f008.jpg was preloaded using link preload but not used within a few seconds from the window's load event. Please make sure it has an appropriate `as` value and it is preloaded intentionally. @ https://kr.pinterest.com/?q=w%20letterform%20continuous%20line%20art%20logo%20mark:0
[  121451ms] [WARNING] The resource https://i.pinimg.com/236x/af/01/62/af01620c8db70798a7253d3eccfbcd58.jpg was preloaded using link preload but not used within a few seconds from the window's load event. Please make sure it has an appropriate `as` value and it is preloaded intentionally. @ https://kr.pinterest.com/?q=w%20letterform%20continuous%20line%20art%20logo%20mark:0
[  121451ms] [WARNING] The resource https://i.pinimg.com/236x/fa/e2/6d/fae26d3d9cd63e1cda9e38ff12651409.jpg was preloaded using link preload but not used within a few seconds from the window's load event. Please make sure it has an appropriate `as` value and it is preloaded intentionally. @ https://kr.pinterest.com/?q=w%20letterform%20continuous%20line%20art%20logo%20mark:0
[  121451ms] [WARNING] The resource https://i.pinimg.com/236x/0e/76/1d/0e761da3c615f547870f67d256d0b99d.jpg was preloaded using link preload but not used within a few seconds from the window's load event. Please make sure it has an appropriate `as` value and it is preloaded intentionally. @ https://kr.pinterest.com/?q=w%20letterform%20continuous%20line%20art%20logo%20mark:0
[  121451ms] [WARNING] The resource https://i.pinimg.com/236x/c9/20/ae/c920ae0870b11bdb0a91dd6fddb8206e.jpg was preloaded using link preload but not used within a few seconds from the window's load event. Please make sure it has an appropriate `as` value and it is preloaded intentionally. @ https://kr.pinterest.com/?q=w%20letterform%20continuous%20line%20art%20logo%20mark:0
[  121451ms] [WARNING] The resource https://i.pinimg.com/236x/78/1b/b8/781bb868be073c6bf10012fc21bf1693.jpg was preloaded using link preload but not used within a few seconds from the window's load event. Please make sure it has an appropriate `as` value and it is preloaded intentionally. @ https://kr.pinterest.com/?q=w%20letterform%20continuous%20line%20art%20logo%20mark:0
[  121451ms] [WARNING] The resource https://i.pinimg.com/236x/cd/c6/e4/cdc6e48619d9d13736bc9e52fd0a65d7.jpg was preloaded using link preload but not used within a few seconds from the window's load event. Please make sure it has an appropriate `as` value and it is preloaded intentionally. @ https://kr.pinterest.com/?q=w%20letterform%20continuous%20line%20art%20logo%20mark:0
[  121451ms] [WARNING] The resource https://i.pinimg.com/236x/e7/56/69/e75669a4c4973003290c4fb8d28da85d.jpg was preloaded using link preload but not used within a few seconds from the window's load event. Please make sure it has an appropriate `as` value and it is preloaded intentionally. @ https://kr.pinterest.com/?q=w%20letterform%20continuous%20line%20art%20logo%20mark:0
[  121451ms] [WARNING] The resource https://i.pinimg.com/236x/d8/50/83/d850838248f7607202fdf7b1dd01b6d6.jpg was preloaded using link preload but not used within a few seconds from the window's load event. Please make sure it has an appropriate `as` value and it is preloaded intentionally. @ https://kr.pinterest.com/?q=w%20letterform%20continuous%20line%20art%20logo%20mark:0
[  121451ms] [WARNING] The resource https://i.pinimg.com/236x/79/e8/46/79e846902b64c4b7ddd433700b396db5.jpg was preloaded using link preload but not used within a few seconds from the window's load event. Please make sure it has an appropriate `as` value and it is preloaded intentionally. @ https://kr.pinterest.com/?q=w%20letterform%20continuous%20line%20art%20logo%20mark:0
[  126199ms] [WARNING] The resource https://i.pinimg.com/236x/4e/cd/0a/4ecd0ac97bbd4b438423702f936c1603.jpg was preloaded using link preload but not used within a few seconds from the window's load event. Please make sure it has an appropriate `as` value and it is preloaded intentionally. @ https://kr.pinterest.com/?q=w%20letterform%20continuous%20line%20art%20logo%20mark:0
[  126199ms] [WARNING] The resource https://i.pinimg.com/236x/5c/c1/64/5cc1648c9ec038319086644eadf92b00.jpg was preloaded using link preload but not used within a few seconds from the window's load event. Please make sure it has an appropriate `as` value and it is preloaded intentionally. @ https://kr.pinterest.com/?q=w%20letterform%20continuous%20line%20art%20logo%20mark:0
[  126199ms] [WARNING] The resource https://i.pinimg.com/236x/89/3b/7d/893b7da680e917dc234dcbf13682c9d9.jpg was preloaded using link preload but not used within a few seconds from the window's load event. Please make sure it has an appropriate `as` value and it is preloaded intentionally. @ https://kr.pinterest.com/?q=w%20letterform%20continuous%20line%20art%20logo%20mark:0
[  126199ms] [WARNING] The resource https://i.pinimg.com/236x/15/1b/38/151b38f48a7a54fd802a9b232065ccfe.jpg was preloaded using link preload but not used within a few seconds from the window's load event. Please make sure it has an appropriate `as` value and it is preloaded intentionally. @ https://kr.pinterest.com/?q=w%20letterform%20continuous%20line%20art%20logo%20mark:0
[  126199ms] [WARNING] The resource https://i.pinimg.com/236x/a6/75/3c/a6753cd65c1f18de2b3806b8af6a320e.jpg was preloaded using link preload but not used within a few seconds from the window's load event. Please make sure it has an appropriate `as` value and it is preloaded intentionally. @ https://kr.pinterest.com/?q=w%20letterform%20continuous%20line%20art%20logo%20mark:0
[  126199ms] [WARNING] The resource https://i.pinimg.com/236x/17/4a/1f/174a1fedae2d7497e1b05e24b073cce6.jpg was preloaded using link preload but not used within a few seconds from the window's load event. Please make sure it has an appropriate `as` value and it is preloaded intentionally. @ https://kr.pinterest.com/?q=w%20letterform%20continuous%20line%20art%20logo%20mark:0
[  126199ms] [WARNING] The resource https://i.pinimg.com/236x/2e/da/c6/2edac682cc0711795e91e381ded479f5.jpg was preloaded using link preload but not used within a few seconds from the window's load event. Please make sure it has an appropriate `as` value and it is preloaded intentionally. @ https://kr.pinterest.com/?q=w%20letterform%20continuous%20line%20art%20logo%20mark:0
[  126199ms] [WARNING] The resource https://i.pinimg.com/236x/14/54/1e/14541e74217e88f69334facc21572a1d.jpg was preloaded using link preload but not used within a few seconds from the window's load event. Please make sure it has an appropriate `as` value and it is preloaded intentionally. @ https://kr.pinterest.com/?q=w%20letterform%20continuous%20line%20art%20logo%20mark:0
[  126199ms] [WARNING] The resource https://i.pinimg.com/236x/d5/0f/93/d50f939cde9ed0edc6e0309c6fbf592d.jpg was preloaded using link preload but not used within a few seconds from the window's load event. Please make sure it has an appropriate `as` value and it is preloaded intentionally. @ https://kr.pinterest.com/?q=w%20letterform%20continuous%20line%20art%20logo%20mark:0
[  126199ms] [WARNING] The resource https://i.pinimg.com/236x/63/82/2e/63822e8b753302d5d8f37053482731c6.jpg was preloaded using link preload but not used within a few seconds from the window's load event. Please make sure it has an appropriate `as` value and it is preloaded intentionally. @ https://kr.pinterest.com/?q=w%20letterform%20continuous%20line%20art%20logo%20mark:0
[  126199ms] [WARNING] The resource https://i.pinimg.com/236x/d9/fa/92/d9fa92ac0337e8224d2f4a192e9cd6fd.jpg was preloaded using link preload but not used within a few seconds from the window's load event. Please make sure it has an appropriate `as` value and it is preloaded intentionally. @ https://kr.pinterest.com/?q=w%20letterform%20continuous%20line%20art%20logo%20mark:0
[  126199ms] [WARNING] The resource https://i.pinimg.com/236x/54/d6/db/54d6dbaca749456252ef2976f7acc29f.jpg was preloaded using link preload but not used within a few seconds from the window's load event. Please make sure it has an appropriate `as` value and it is preloaded intentionally. @ https://kr.pinterest.com/?q=w%20letterform%20continuous%20line%20art%20logo%20mark:0
[  126199ms] [WARNING] The resource https://i.pinimg.com/236x/31/b1/99/31b19974c5c44876b4fb52147e9f08fb.jpg was preloaded using link preload but not used within a few seconds from the window's load event. Please make sure it has an appropriate `as` value and it is preloaded intentionally. @ https://kr.pinterest.com/?q=w%20letterform%20continuous%20line%20art%20logo%20mark:0
[  126199ms] [WARNING] The resource https://i.pinimg.com/236x/74/53/a1/7453a1e0dd357efbe5b8295069e2c133.jpg was preloaded using link preload but not used within a few seconds from the window's load event. Please make sure it has an appropriate `as` value and it is preloaded intentionally. @ https://kr.pinterest.com/?q=w%20letterform%20continuous%20line%20art%20logo%20mark:0
[  126199ms] [WARNING] The resource https://i.pinimg.com/236x/e8/7c/0b/e87c0bf1f94b2fefc6857230596ff59d.jpg was preloaded using link preload but not used within a few seconds from the window's load event. Please make sure it has an appropriate `as` value and it is preloaded intentionally. @ https://kr.pinterest.com/?q=w%20letterform%20continuous%20line%20art%20logo%20mark:0
[  126199ms] [WARNING] The resource https://i.pinimg.com/236x/46/6b/af/466baf34e4028ef29269767a6707c7a3.jpg was preloaded using link preload but not used within a few seconds from the window's load event. Please make sure it has an appropriate `as` value and it is preloaded intentionally. @ https://kr.pinterest.com/?q=w%20letterform%20continuous%20line%20art%20logo%20mark:0
[  126199ms] [WARNING] The resource https://i.pinimg.com/236x/24/8b/33/248b3321cfa53d1de93cdf510783f008.jpg was preloaded using link preload but not used within a few seconds from the window's load event. Please make sure it has an appropriate `as` value and it is preloaded intentionally. @ https://kr.pinterest.com/?q=w%20letterform%20continuous%20line%20art%20logo%20mark:0
[  126199ms] [WARNING] The resource https://i.pinimg.com/236x/af/01/62/af01620c8db70798a7253d3eccfbcd58.jpg was preloaded using link preload but not used within a few seconds from the window's load event. Please make sure it has an appropriate `as` value and it is preloaded intentionally. @ https://kr.pinterest.com/?q=w%20letterform%20continuous%20line%20art%20logo%20mark:0
[  126199ms] [WARNING] The resource https://i.pinimg.com/236x/fa/e2/6d/fae26d3d9cd63e1cda9e38ff12651409.jpg was preloaded using link preload but not used within a few seconds from the window's load event. Please make sure it has an appropriate `as` value and it is preloaded intentionally. @ https://kr.pinterest.com/?q=w%20letterform%20continuous%20line%20art%20logo%20mark:0
[  126199ms] [WARNING] The resource https://i.pinimg.com/236x/0e/76/1d/0e761da3c615f547870f67d256d0b99d.jpg was preloaded using link preload but not used within a few seconds from the window's load event. Please make sure it has an appropriate `as` value and it is preloaded intentionally. @ https://kr.pinterest.com/?q=w%20letterform%20continuous%20line%20art%20logo%20mark:0
[  126199ms] [WARNING] The resource https://i.pinimg.com/236x/c9/20/ae/c920ae0870b11bdb0a91dd6fddb8206e.jpg was preloaded using link preload but not used within a few seconds from the window's load event. Please make sure it has an appropriate `as` value and it is preloaded intentionally. @ https://kr.pinterest.com/?q=w%20letterform%20continuous%20line%20art%20logo%20mark:0
[  126199ms] [WARNING] The resource https://i.pinimg.com/236x/78/1b/b8/781bb868be073c6bf10012fc21bf1693.jpg was preloaded using link preload but not used within a few seconds from the window's load event. Please make sure it has an appropriate `as` value and it is preloaded intentionally. @ https://kr.pinterest.com/?q=w%20letterform%20continuous%20line%20art%20logo%20mark:0
[  126200ms] [WARNING] The resource https://i.pinimg.com/236x/cd/c6/e4/cdc6e48619d9d13736bc9e52fd0a65d7.jpg was preloaded using link preload but not used within a few seconds from the window's load event. Please make sure it has an appropriate `as` value and it is preloaded intentionally. @ https://kr.pinterest.com/?q=w%20letterform%20continuous%20line%20art%20logo%20mark:0
[  126200ms] [WARNING] The resource https://i.pinimg.com/236x/e7/56/69/e75669a4c4973003290c4fb8d28da85d.jpg was preloaded using link preload but not used within a few seconds from the window's load event. Please make sure it has an appropriate `as` value and it is preloaded intentionally. @ https://kr.pinterest.com/?q=w%20letterform%20continuous%20line%20art%20logo%20mark:0
[  126200ms] [WARNING] The resource https://i.pinimg.com/236x/d8/50/83/d850838248f7607202fdf7b1dd01b6d6.jpg was preloaded using link preload but not used within a few seconds from the window's load event. Please make sure it has an appropriate `as` value and it is preloaded intentionally. @ https://kr.pinterest.com/?q=w%20letterform%20continuous%20line%20art%20logo%20mark:0
[  126200ms] [WARNING] The resource https://i.pinimg.com/236x/79/e8/46/79e846902b64c4b7ddd433700b396db5.jpg was preloaded using link preload but not used within a few seconds from the window's load event. Please make sure it has an appropriate `as` value and it is preloaded intentionally. @ https://kr.pinterest.com/?q=w%20letterform%20continuous%20line%20art%20logo%20mark:0
[  175917ms] [WARNING] The resource https://i.pinimg.com/236x/5c/c1/64/5cc1648c9ec038319086644eadf92b00.jpg was preloaded using link preload but not used within a few seconds from the window's load event. Please make sure it has an appropriate `as` value and it is preloaded intentionally. @ https://kr.pinterest.com/?q=w%20letterform%20continuous%20line%20art%20logo%20mark:0
[  175917ms] [WARNING] The resource https://i.pinimg.com/236x/a6/75/3c/a6753cd65c1f18de2b3806b8af6a320e.jpg was preloaded using link preload but not used within a few seconds from the window's load event. Please make sure it has an appropriate `as` value and it is preloaded intentionally. @ https://kr.pinterest.com/?q=w%20letterform%20continuous%20line%20art%20logo%20mark:0
[  175917ms] [WARNING] The resource https://i.pinimg.com/236x/17/4a/1f/174a1fedae2d7497e1b05e24b073cce6.jpg was preloaded using link preload but not used within a few seconds from the window's load event. Please make sure it has an appropriate `as` value and it is preloaded intentionally. @ https://kr.pinterest.com/?q=w%20letterform%20continuous%20line%20art%20logo%20mark:0
[  175917ms] [WARNING] The resource https://i.pinimg.com/236x/2e/da/c6/2edac682cc0711795e91e381ded479f5.jpg was preloaded using link preload but not used within a few seconds from the window's load event. Please make sure it has an appropriate `as` value and it is preloaded intentionally. @ https://kr.pinterest.com/?q=w%20letterform%20continuous%20line%20art%20logo%20mark:0
[  175917ms] [WARNING] The resource https://i.pinimg.com/236x/d5/0f/93/d50f939cde9ed0edc6e0309c6fbf592d.jpg was preloaded using link preload but not used within a few seconds from the window's load event. Please make sure it has an appropriate `as` value and it is preloaded intentionally. @ https://kr.pinterest.com/?q=w%20letterform%20continuous%20line%20art%20logo%20mark:0
[  175917ms] [WARNING] The resource https://i.pinimg.com/236x/d9/fa/92/d9fa92ac0337e8224d2f4a192e9cd6fd.jpg was preloaded using link preload but not used within a few seconds from the window's load event. Please make sure it has an appropriate `as` value and it is preloaded intentionally. @ https://kr.pinterest.com/?q=w%20letterform%20continuous%20line%20art%20logo%20mark:0
[  175917ms] [WARNING] The resource https://i.pinimg.com/236x/54/d6/db/54d6dbaca749456252ef2976f7acc29f.jpg was preloaded using link preload but not used within a few seconds from the window's load event. Please make sure it has an appropriate `as` value and it is preloaded intentionally. @ https://kr.pinterest.com/?q=w%20letterform%20continuous%20line%20art%20logo%20mark:0
[  175917ms] [WARNING] The resource https://i.pinimg.com/236x/e8/7c/0b/e87c0bf1f94b2fefc6857230596ff59d.jpg was preloaded using link preload but not used within a few seconds from the window's load event. Please make sure it has an appropriate `as` value and it is preloaded intentionally. @ https://kr.pinterest.com/?q=w%20letterform%20continuous%20line%20art%20logo%20mark:0
[  175917ms] [WARNING] The resource https://i.pinimg.com/236x/46/6b/af/466baf34e4028ef29269767a6707c7a3.jpg was preloaded using link preload but not used within a few seconds from the window's load event. Please make sure it has an appropriate `as` value and it is preloaded intentionally. @ https://kr.pinterest.com/?q=w%20letterform%20continuous%20line%20art%20logo%20mark:0
[  175917ms] [WARNING] The resource https://i.pinimg.com/236x/24/8b/33/248b3321cfa53d1de93cdf510783f008.jpg was preloaded using link preload but not used within a few seconds from the window's load event. Please make sure it has an appropriate `as` value and it is preloaded intentionally. @ https://kr.pinterest.com/?q=w%20letterform%20continuous%20line%20art%20logo%20mark:0
[  175917ms] [WARNING] The resource https://i.pinimg.com/236x/af/01/62/af01620c8db70798a7253d3eccfbcd58.jpg was preloaded using link preload but not used within a few seconds from the window's load event. Please make sure it has an appropriate `as` value and it is preloaded intentionally. @ https://kr.pinterest.com/?q=w%20letterform%20continuous%20line%20art%20logo%20mark:0
[  175917ms] [WARNING] The resource https://i.pinimg.com/236x/fa/e2/6d/fae26d3d9cd63e1cda9e38ff12651409.jpg was preloaded using link preload but not used within a few seconds from the window's load event. Please make sure it has an appropriate `as` value and it is preloaded intentionally. @ https://kr.pinterest.com/?q=w%20letterform%20continuous%20line%20art%20logo%20mark:0
[  175917ms] [WARNING] The resource https://i.pinimg.com/236x/c9/20/ae/c920ae0870b11bdb0a91dd6fddb8206e.jpg was preloaded using link preload but not used within a few seconds from the window's load event. Please make sure it has an appropriate `as` value and it is preloaded intentionally. @ https://kr.pinterest.com/?q=w%20letterform%20continuous%20line%20art%20logo%20mark:0
[  175917ms] [WARNING] The resource https://i.pinimg.com/236x/78/1b/b8/781bb868be073c6bf10012fc21bf1693.jpg was preloaded using link preload but not used within a few seconds from the window's load event. Please make sure it has an appropriate `as` value and it is preloaded intentionally. @ https://kr.pinterest.com/?q=w%20letterform%20continuous%20line%20art%20logo%20mark:0
[  175917ms] [WARNING] The resource https://i.pinimg.com/236x/e7/56/69/e75669a4c4973003290c4fb8d28da85d.jpg was preloaded using link preload but not used within a few seconds from the window's load event. Please make sure it has an appropriate `as` value and it is preloaded intentionally. @ https://kr.pinterest.com/?q=w%20letterform%20continuous%20line%20art%20logo%20mark:0
[  175917ms] [WARNING] The resource https://i.pinimg.com/236x/79/e8/46/79e846902b64c4b7ddd433700b396db5.jpg was preloaded using link preload but not used within a few seconds from the window's load event. Please make sure it has an appropriate `as` value and it is preloaded intentionally. @ https://kr.pinterest.com/?q=w%20letterform%20continuous%20line%20art%20logo%20mark:0
[  175917ms] [WARNING] The resource https://i.pinimg.com/236x/4e/cd/0a/4ecd0ac97bbd4b438423702f936c1603.jpg was preloaded using link preload but not used within a few seconds from the window's load event. Please make sure it has an appropriate `as` value and it is preloaded intentionally. @ https://kr.pinterest.com/?q=w%20letterform%20continuous%20line%20art%20logo%20mark:0
[  175917ms] [WARNING] The resource https://i.pinimg.com/236x/89/3b/7d/893b7da680e917dc234dcbf13682c9d9.jpg was preloaded using link preload but not used within a few seconds from the window's load event. Please make sure it has an appropriate `as` value and it is preloaded intentionally. @ https://kr.pinterest.com/?q=w%20letterform%20continuous%20line%20art%20logo%20mark:0
[  175917ms] [WARNING] The resource https://i.pinimg.com/236x/15/1b/38/151b38f48a7a54fd802a9b232065ccfe.jpg was preloaded using link preload but not used within a few seconds from the window's load event. Please make sure it has an appropriate `as` value and it is preloaded intentionally. @ https://kr.pinterest.com/?q=w%20letterform%20continuous%20line%20art%20logo%20mark:0
[  175917ms] [WARNING] The resource https://i.pinimg.com/236x/14/54/1e/14541e74217e88f69334facc21572a1d.jpg was preloaded using link preload but not used within a few seconds from the window's load event. Please make sure it has an appropriate `as` value and it is preloaded intentionally. @ https://kr.pinterest.com/?q=w%20letterform%20continuous%20line%20art%20logo%20mark:0
[  175917ms] [WARNING] The resource https://i.pinimg.com/236x/63/82/2e/63822e8b753302d5d8f37053482731c6.jpg was preloaded using link preload but not used within a few seconds from the window's load event. Please make sure it has an appropriate `as` value and it is preloaded intentionally. @ https://kr.pinterest.com/?q=w%20letterform%20continuous%20line%20art%20logo%20mark:0
[  175917ms] [WARNING] The resource https://i.pinimg.com/236x/31/b1/99/31b19974c5c44876b4fb52147e9f08fb.jpg was preloaded using link preload but not used within a few seconds from the window's load event. Please make sure it has an appropriate `as` value and it is preloaded intentionally. @ https://kr.pinterest.com/?q=w%20letterform%20continuous%20line%20art%20logo%20mark:0
[  175917ms] [WARNING] The resource https://i.pinimg.com/236x/74/53/a1/7453a1e0dd357efbe5b8295069e2c133.jpg was preloaded using link preload but not used within a few seconds from the window's load event. Please make sure it has an appropriate `as` value and it is preloaded intentionally. @ https://kr.pinterest.com/?q=w%20letterform%20continuous%20line%20art%20logo%20mark:0
[  175917ms] [WARNING] The resource https://i.pinimg.com/236x/0e/76/1d/0e761da3c615f547870f67d256d0b99d.jpg was preloaded using link preload but not used within a few seconds from the window's load event. Please make sure it has an appropriate `as` value and it is preloaded intentionally. @ https://kr.pinterest.com/?q=w%20letterform%20continuous%20line%20art%20logo%20mark:0
[  175917ms] [WARNING] The resource https://i.pinimg.com/236x/cd/c6/e4/cdc6e48619d9d13736bc9e52fd0a65d7.jpg was preloaded using link preload but not used within a few seconds from the window's load event. Please make sure it has an appropriate `as` value and it is preloaded intentionally. @ https://kr.pinterest.com/?q=w%20letterform%20continuous%20line%20art%20logo%20mark:0
[  175917ms] [WARNING] The resource https://i.pinimg.com/236x/d8/50/83/d850838248f7607202fdf7b1dd01b6d6.jpg was preloaded using link preload but not used within a few seconds from the window's load event. Please make sure it has an appropriate `as` value and it is preloaded intentionally. @ https://kr.pinterest.com/?q=w%20letterform%20continuous%20line%20art%20logo%20mark:0
[  179910ms] [WARNING] The resource https://i.pinimg.com/236x/5c/c1/64/5cc1648c9ec038319086644eadf92b00.jpg was preloaded using link preload but not used within a few seconds from the window's load event. Please make sure it has an appropriate `as` value and it is preloaded intentionally. @ https://kr.pinterest.com/?q=w%20letterform%20continuous%20line%20art%20logo%20mark:0
[  179910ms] [WARNING] The resource https://i.pinimg.com/236x/a6/75/3c/a6753cd65c1f18de2b3806b8af6a320e.jpg was preloaded using link preload but not used within a few seconds from the window's load event. Please make sure it has an appropriate `as` value and it is preloaded intentionally. @ https://kr.pinterest.com/?q=w%20letterform%20continuous%20line%20art%20logo%20mark:0
[  179910ms] [WARNING] The resource https://i.pinimg.com/236x/17/4a/1f/174a1fedae2d7497e1b05e24b073cce6.jpg was preloaded using link preload but not used within a few seconds from the window's load event. Please make sure it has an appropriate `as` value and it is preloaded intentionally. @ https://kr.pinterest.com/?q=w%20letterform%20continuous%20line%20art%20logo%20mark:0
[  179910ms] [WARNING] The resource https://i.pinimg.com/236x/2e/da/c6/2edac682cc0711795e91e381ded479f5.jpg was preloaded using link preload but not used within a few seconds from the window's load event. Please make sure it has an appropriate `as` value and it is preloaded intentionally. @ https://kr.pinterest.com/?q=w%20letterform%20continuous%20line%20art%20logo%20mark:0
[  179910ms] [WARNING] The resource https://i.pinimg.com/236x/d5/0f/93/d50f939cde9ed0edc6e0309c6fbf592d.jpg was preloaded using link preload but not used within a few seconds from the window's load event. Please make sure it has an appropriate `as` value and it is preloaded intentionally. @ https://kr.pinterest.com/?q=w%20letterform%20continuous%20line%20art%20logo%20mark:0
[  179910ms] [WARNING] The resource https://i.pinimg.com/236x/d9/fa/92/d9fa92ac0337e8224d2f4a192e9cd6fd.jpg was preloaded using link preload but not used within a few seconds from the window's load event. Please make sure it has an appropriate `as` value and it is preloaded intentionally. @ https://kr.pinterest.com/?q=w%20letterform%20continuous%20line%20art%20logo%20mark:0
[  179910ms] [WARNING] The resource https://i.pinimg.com/236x/54/d6/db/54d6dbaca749456252ef2976f7acc29f.jpg was preloaded using link preload but not used within a few seconds from the window's load event. Please make sure it has an appropriate `as` value and it is preloaded intentionally. @ https://kr.pinterest.com/?q=w%20letterform%20continuous%20line%20art%20logo%20mark:0
[  179910ms] [WARNING] The resource https://i.pinimg.com/236x/e8/7c/0b/e87c0bf1f94b2fefc6857230596ff59d.jpg was preloaded using link preload but not used within a few seconds from the window's load event. Please make sure it has an appropriate `as` value and it is preloaded intentionally. @ https://kr.pinterest.com/?q=w%20letterform%20continuous%20line%20art%20logo%20mark:0
[  179910ms] [WARNING] The resource https://i.pinimg.com/236x/46/6b/af/466baf34e4028ef29269767a6707c7a3.jpg was preloaded using link preload but not used within a few seconds from the window's load event. Please make sure it has an appropriate `as` value and it is preloaded intentionally. @ https://kr.pinterest.com/?q=w%20letterform%20continuous%20line%20art%20logo%20mark:0
[  179910ms] [WARNING] The resource https://i.pinimg.com/236x/24/8b/33/248b3321cfa53d1de93cdf510783f008.jpg was preloaded using link preload but not used within a few seconds from the window's load event. Please make sure it has an appropriate `as` value and it is preloaded intentionally. @ https://kr.pinterest.com/?q=w%20letterform%20continuous%20line%20art%20logo%20mark:0
[  179911ms] [WARNING] The resource https://i.pinimg.com/236x/af/01/62/af01620c8db70798a7253d3eccfbcd58.jpg was preloaded using link preload but not used within a few seconds from the window's load event. Please make sure it has an appropriate `as` value and it is preloaded intentionally. @ https://kr.pinterest.com/?q=w%20letterform%20continuous%20line%20art%20logo%20mark:0
[  179911ms] [WARNING] The resource https://i.pinimg.com/236x/fa/e2/6d/fae26d3d9cd63e1cda9e38ff12651409.jpg was preloaded using link preload but not used within a few seconds from the window's load event. Please make sure it has an appropriate `as` value and it is preloaded intentionally. @ https://kr.pinterest.com/?q=w%20letterform%20continuous%20line%20art%20logo%20mark:0
[  179911ms] [WARNING] The resource https://i.pinimg.com/236x/c9/20/ae/c920ae0870b11bdb0a91dd6fddb8206e.jpg was preloaded using link preload but not used within a few seconds from the window's load event. Please make sure it has an appropriate `as` value and it is preloaded intentionally. @ https://kr.pinterest.com/?q=w%20letterform%20continuous%20line%20art%20logo%20mark:0
[  179911ms] [WARNING] The resource https://i.pinimg.com/236x/78/1b/b8/781bb868be073c6bf10012fc21bf1693.jpg was preloaded using link preload but not used within a few seconds from the window's load event. Please make sure it has an appropriate `as` value and it is preloaded intentionally. @ https://kr.pinterest.com/?q=w%20letterform%20continuous%20line%20art%20logo%20mark:0
[  179911ms] [WARNING] The resource https://i.pinimg.com/236x/e7/56/69/e75669a4c4973003290c4fb8d28da85d.jpg was preloaded using link preload but not used within a few seconds from the window's load event. Please make sure it has an appropriate `as` value and it is preloaded intentionally. @ https://kr.pinterest.com/?q=w%20letterform%20continuous%20line%20art%20logo%20mark:0
[  179911ms] [WARNING] The resource https://i.pinimg.com/236x/79/e8/46/79e846902b64c4b7ddd433700b396db5.jpg was preloaded using link preload but not used within a few seconds from the window's load event. Please make sure it has an appropriate `as` value and it is preloaded intentionally. @ https://kr.pinterest.com/?q=w%20letterform%20continuous%20line%20art%20logo%20mark:0
[  179911ms] [WARNING] The resource https://i.pinimg.com/236x/4e/cd/0a/4ecd0ac97bbd4b438423702f936c1603.jpg was preloaded using link preload but not used within a few seconds from the window's load event. Please make sure it has an appropriate `as` value and it is preloaded intentionally. @ https://kr.pinterest.com/?q=w%20letterform%20continuous%20line%20art%20logo%20mark:0
[  179911ms] [WARNING] The resource https://i.pinimg.com/236x/89/3b/7d/893b7da680e917dc234dcbf13682c9d9.jpg was preloaded using link preload but not used within a few seconds from the window's load event. Please make sure it has an appropriate `as` value and it is preloaded intentionally. @ https://kr.pinterest.com/?q=w%20letterform%20continuous%20line%20art%20logo%20mark:0
[  179911ms] [WARNING] The resource https://i.pinimg.com/236x/15/1b/38/151b38f48a7a54fd802a9b232065ccfe.jpg was preloaded using link preload but not used within a few seconds from the window's load event. Please make sure it has an appropriate `as` value and it is preloaded intentionally. @ https://kr.pinterest.com/?q=w%20letterform%20continuous%20line%20art%20logo%20mark:0
[  179911ms] [WARNING] The resource https://i.pinimg.com/236x/14/54/1e/14541e74217e88f69334facc21572a1d.jpg was preloaded using link preload but not used within a few seconds from the window's load event. Please make sure it has an appropriate `as` value and it is preloaded intentionally. @ https://kr.pinterest.com/?q=w%20letterform%20continuous%20line%20art%20logo%20mark:0
[  179911ms] [WARNING] The resource https://i.pinimg.com/236x/63/82/2e/63822e8b753302d5d8f37053482731c6.jpg was preloaded using link preload but not used within a few seconds from the window's load event. Please make sure it has an appropriate `as` value and it is preloaded intentionally. @ https://kr.pinterest.com/?q=w%20letterform%20continuous%20line%20art%20logo%20mark:0
[  179911ms] [WARNING] The resource https://i.pinimg.com/236x/31/b1/99/31b19974c5c44876b4fb52147e9f08fb.jpg was preloaded using link preload but not used within a few seconds from the window's load event. Please make sure it has an appropriate `as` value and it is preloaded intentionally. @ https://kr.pinterest.com/?q=w%20letterform%20continuous%20line%20art%20logo%20mark:0
[  179911ms] [WARNING] The resource https://i.pinimg.com/236x/74/53/a1/7453a1e0dd357efbe5b8295069e2c133.jpg was preloaded using link preload but not used within a few seconds from the window's load event. Please make sure it has an appropriate `as` value and it is preloaded intentionally. @ https://kr.pinterest.com/?q=w%20letterform%20continuous%20line%20art%20logo%20mark:0
[  179911ms] [WARNING] The resource https://i.pinimg.com/236x/0e/76/1d/0e761da3c615f547870f67d256d0b99d.jpg was preloaded using link preload but not used within a few seconds from the window's load event. Please make sure it has an appropriate `as` value and it is preloaded intentionally. @ https://kr.pinterest.com/?q=w%20letterform%20continuous%20line%20art%20logo%20mark:0
[  179911ms] [WARNING] The resource https://i.pinimg.com/236x/cd/c6/e4/cdc6e48619d9d13736bc9e52fd0a65d7.jpg was preloaded using link preload but not used within a few seconds from the window's load event. Please make sure it has an appropriate `as` value and it is preloaded intentionally. @ https://kr.pinterest.com/?q=w%20letterform%20continuous%20line%20art%20logo%20mark:0
[  179911ms] [WARNING] The resource https://i.pinimg.com/236x/d8/50/83/d850838248f7607202fdf7b1dd01b6d6.jpg was preloaded using link preload but not used within a few seconds from the window's load event. Please make sure it has an appropriate `as` value and it is preloaded intentionally. @ https://kr.pinterest.com/?q=w%20letterform%20continuous%20line%20art%20logo%20mark:0
[  184184ms] [WARNING] The resource https://i.pinimg.com/236x/5c/c1/64/5cc1648c9ec038319086644eadf92b00.jpg was preloaded using link preload but not used within a few seconds from the window's load event. Please make sure it has an appropriate `as` value and it is preloaded intentionally. @ https://kr.pinterest.com/?q=w%20letterform%20continuous%20line%20art%20logo%20mark:0
[  184184ms] [WARNING] The resource https://i.pinimg.com/236x/a6/75/3c/a6753cd65c1f18de2b3806b8af6a320e.jpg was preloaded using link preload but not used within a few seconds from the window's load event. Please make sure it has an appropriate `as` value and it is preloaded intentionally. @ https://kr.pinterest.com/?q=w%20letterform%20continuous%20line%20art%20logo%20mark:0
[  184184ms] [WARNING] The resource https://i.pinimg.com/236x/17/4a/1f/174a1fedae2d7497e1b05e24b073cce6.jpg was preloaded using link preload but not used within a few seconds from the window's load event. Please make sure it has an appropriate `as` value and it is preloaded intentionally. @ https://kr.pinterest.com/?q=w%20letterform%20continuous%20line%20art%20logo%20mark:0
[  184184ms] [WARNING] The resource https://i.pinimg.com/236x/2e/da/c6/2edac682cc0711795e91e381ded479f5.jpg was preloaded using link preload but not used within a few seconds from the window's load event. Please make sure it has an appropriate `as` value and it is preloaded intentionally. @ https://kr.pinterest.com/?q=w%20letterform%20continuous%20line%20art%20logo%20mark:0
[  184184ms] [WARNING] The resource https://i.pinimg.com/236x/d5/0f/93/d50f939cde9ed0edc6e0309c6fbf592d.jpg was preloaded using link preload but not used within a few seconds from the window's load event. Please make sure it has an appropriate `as` value and it is preloaded intentionally. @ https://kr.pinterest.com/?q=w%20letterform%20continuous%20line%20art%20logo%20mark:0
[  184184ms] [WARNING] The resource https://i.pinimg.com/236x/d9/fa/92/d9fa92ac0337e8224d2f4a192e9cd6fd.jpg was preloaded using link preload but not used within a few seconds from the window's load event. Please make sure it has an appropriate `as` value and it is preloaded intentionally. @ https://kr.pinterest.com/?q=w%20letterform%20continuous%20line%20art%20logo%20mark:0
[  184184ms] [WARNING] The resource https://i.pinimg.com/236x/54/d6/db/54d6dbaca749456252ef2976f7acc29f.jpg was preloaded using link preload but not used within a few seconds from the window's load event. Please make sure it has an appropriate `as` value and it is preloaded intentionally. @ https://kr.pinterest.com/?q=w%20letterform%20continuous%20line%20art%20logo%20mark:0
[  184184ms] [WARNING] The resource https://i.pinimg.com/236x/e8/7c/0b/e87c0bf1f94b2fefc6857230596ff59d.jpg was preloaded using link preload but not used within a few seconds from the window's load event. Please make sure it has an appropriate `as` value and it is preloaded intentionally. @ https://kr.pinterest.com/?q=w%20letterform%20continuous%20line%20art%20logo%20mark:0
[  184184ms] [WARNING] The resource https://i.pinimg.com/236x/46/6b/af/466baf34e4028ef29269767a6707c7a3.jpg was preloaded using link preload but not used within a few seconds from the window's load event. Please make sure it has an appropriate `as` value and it is preloaded intentionally. @ https://kr.pinterest.com/?q=w%20letterform%20continuous%20line%20art%20logo%20mark:0
[  184184ms] [WARNING] The resource https://i.pinimg.com/236x/24/8b/33/248b3321cfa53d1de93cdf510783f008.jpg was preloaded using link preload but not used within a few seconds from the window's load event. Please make sure it has an appropriate `as` value and it is preloaded intentionally. @ https://kr.pinterest.com/?q=w%20letterform%20continuous%20line%20art%20logo%20mark:0
[  184184ms] [WARNING] The resource https://i.pinimg.com/236x/af/01/62/af01620c8db70798a7253d3eccfbcd58.jpg was preloaded using link preload but not used within a few seconds from the window's load event. Please make sure it has an appropriate `as` value and it is preloaded intentionally. @ https://kr.pinterest.com/?q=w%20letterform%20continuous%20line%20art%20logo%20mark:0
[  184184ms] [WARNING] The resource https://i.pinimg.com/236x/fa/e2/6d/fae26d3d9cd63e1cda9e38ff12651409.jpg was preloaded using link preload but not used within a few seconds from the window's load event. Please make sure it has an appropriate `as` value and it is preloaded intentionally. @ https://kr.pinterest.com/?q=w%20letterform%20continuous%20line%20art%20logo%20mark:0
[  184184ms] [WARNING] The resource https://i.pinimg.com/236x/c9/20/ae/c920ae0870b11bdb0a91dd6fddb8206e.jpg was preloaded using link preload but not used within a few seconds from the window's load event. Please make sure it has an appropriate `as` value and it is preloaded intentionally. @ https://kr.pinterest.com/?q=w%20letterform%20continuous%20line%20art%20logo%20mark:0
[  184184ms] [WARNING] The resource https://i.pinimg.com/236x/78/1b/b8/781bb868be073c6bf10012fc21bf1693.jpg was preloaded using link preload but not used within a few seconds from the window's load event. Please make sure it has an appropriate `as` value and it is preloaded intentionally. @ https://kr.pinterest.com/?q=w%20letterform%20continuous%20line%20art%20logo%20mark:0
[  184184ms] [WARNING] The resource https://i.pinimg.com/236x/e7/56/69/e75669a4c4973003290c4fb8d28da85d.jpg was preloaded using link preload but not used within a few seconds from the window's load event. Please make sure it has an appropriate `as` value and it is preloaded intentionally. @ https://kr.pinterest.com/?q=w%20letterform%20continuous%20line%20art%20logo%20mark:0
[  184184ms] [WARNING] The resource https://i.pinimg.com/236x/79/e8/46/79e846902b64c4b7ddd433700b396db5.jpg was preloaded using link preload but not used within a few seconds from the window's load event. Please make sure it has an appropriate `as` value and it is preloaded intentionally. @ https://kr.pinterest.com/?q=w%20letterform%20continuous%20line%20art%20logo%20mark:0
[  184184ms] [WARNING] The resource https://i.pinimg.com/236x/4e/cd/0a/4ecd0ac97bbd4b438423702f936c1603.jpg was preloaded using link preload but not used within a few seconds from the window's load event. Please make sure it has an appropriate `as` value and it is preloaded intentionally. @ https://kr.pinterest.com/?q=w%20letterform%20continuous%20line%20art%20logo%20mark:0
[  184184ms] [WARNING] The resource https://i.pinimg.com/236x/89/3b/7d/893b7da680e917dc234dcbf13682c9d9.jpg was preloaded using link preload but not used within a few seconds from the window's load event. Please make sure it has an appropriate `as` value and it is preloaded intentionally. @ https://kr.pinterest.com/?q=w%20letterform%20continuous%20line%20art%20logo%20mark:0
[  184184ms] [WARNING] The resource https://i.pinimg.com/236x/15/1b/38/151b38f48a7a54fd802a9b232065ccfe.jpg was preloaded using link preload but not used within a few seconds from the window's load event. Please make sure it has an appropriate `as` value and it is preloaded intentionally. @ https://kr.pinterest.com/?q=w%20letterform%20continuous%20line%20art%20logo%20mark:0
[  184184ms] [WARNING] The resource https://i.pinimg.com/236x/14/54/1e/14541e74217e88f69334facc21572a1d.jpg was preloaded using link preload but not used within a few seconds from the window's load event. Please make sure it has an appropriate `as` value and it is preloaded intentionally. @ https://kr.pinterest.com/?q=w%20letterform%20continuous%20line%20art%20logo%20mark:0
[  184184ms] [WARNING] The resource https://i.pinimg.com/236x/63/82/2e/63822e8b753302d5d8f37053482731c6.jpg was preloaded using link preload but not used within a few seconds from the window's load event. Please make sure it has an appropriate `as` value and it is preloaded intentionally. @ https://kr.pinterest.com/?q=w%20letterform%20continuous%20line%20art%20logo%20mark:0
[  184184ms] [WARNING] The resource https://i.pinimg.com/236x/31/b1/99/31b19974c5c44876b4fb52147e9f08fb.jpg was preloaded using link preload but not used within a few seconds from the window's load event. Please make sure it has an appropriate `as` value and it is preloaded intentionally. @ https://kr.pinterest.com/?q=w%20letterform%20continuous%20line%20art%20logo%20mark:0
[  184184ms] [WARNING] The resource https://i.pinimg.com/236x/74/53/a1/7453a1e0dd357efbe5b8295069e2c133.jpg was preloaded using link preload but not used within a few seconds from the window's load event. Please make sure it has an appropriate `as` value and it is preloaded intentionally. @ https://kr.pinterest.com/?q=w%20letterform%20continuous%20line%20art%20logo%20mark:0
[  184184ms] [WARNING] The resource https://i.pinimg.com/236x/0e/76/1d/0e761da3c615f547870f67d256d0b99d.jpg was preloaded using link preload but not used within a few seconds from the window's load event. Please make sure it has an appropriate `as` value and it is preloaded intentionally. @ https://kr.pinterest.com/?q=w%20letterform%20continuous%20line%20art%20logo%20mark:0
[  184184ms] [WARNING] The resource https://i.pinimg.com/236x/cd/c6/e4/cdc6e48619d9d13736bc9e52fd0a65d7.jpg was preloaded using link preload but not used within a few seconds from the window's load event. Please make sure it has an appropriate `as` value and it is preloaded intentionally. @ https://kr.pinterest.com/?q=w%20letterform%20continuous%20line%20art%20logo%20mark:0
[  184184ms] [WARNING] The resource https://i.pinimg.com/236x/d8/50/83/d850838248f7607202fdf7b1dd01b6d6.jpg was preloaded using link preload but not used within a few seconds from the window's load event. Please make sure it has an appropriate `as` value and it is preloaded intentionally. @ https://kr.pinterest.com/?q=w%20letterform%20continuous%20line%20art%20logo%20mark:0
[  203248ms] [WARNING] The resource https://i.pinimg.com/236x/5c/c1/64/5cc1648c9ec038319086644eadf92b00.jpg was preloaded using link preload but not used within a few seconds from the window's load event. Please make sure it has an appropriate `as` value and it is preloaded intentionally. @ https://kr.pinterest.com/?q=w%20letterform%20continuous%20line%20art%20logo%20mark:0
[  203248ms] [WARNING] The resource https://i.pinimg.com/236x/a6/75/3c/a6753cd65c1f18de2b3806b8af6a320e.jpg was preloaded using link preload but not used within a few seconds from the window's load event. Please make sure it has an appropriate `as` value and it is preloaded intentionally. @ https://kr.pinterest.com/?q=w%20letterform%20continuous%20line%20art%20logo%20mark:0
[  203248ms] [WARNING] The resource https://i.pinimg.com/236x/17/4a/1f/174a1fedae2d7497e1b05e24b073cce6.jpg was preloaded using link preload but not used within a few seconds from the window's load event. Please make sure it has an appropriate `as` value and it is preloaded intentionally. @ https://kr.pinterest.com/?q=w%20letterform%20continuous%20line%20art%20logo%20mark:0
[  203248ms] [WARNING] The resource https://i.pinimg.com/236x/2e/da/c6/2edac682cc0711795e91e381ded479f5.jpg was preloaded using link preload but not used within a few seconds from the window's load event. Please make sure it has an appropriate `as` value and it is preloaded intentionally. @ https://kr.pinterest.com/?q=w%20letterform%20continuous%20line%20art%20logo%20mark:0
[  203248ms] [WARNING] The resource https://i.pinimg.com/236x/d5/0f/93/d50f939cde9ed0edc6e0309c6fbf592d.jpg was preloaded using link preload but not used within a few seconds from the window's load event. Please make sure it has an appropriate `as` value and it is preloaded intentionally. @ https://kr.pinterest.com/?q=w%20letterform%20continuous%20line%20art%20logo%20mark:0
[  203248ms] [WARNING] The resource https://i.pinimg.com/236x/d9/fa/92/d9fa92ac0337e8224d2f4a192e9cd6fd.jpg was preloaded using link preload but not used within a few seconds from the window's load event. Please make sure it has an appropriate `as` value and it is preloaded intentionally. @ https://kr.pinterest.com/?q=w%20letterform%20continuous%20line%20art%20logo%20mark:0
[  203248ms] [WARNING] The resource https://i.pinimg.com/236x/54/d6/db/54d6dbaca749456252ef2976f7acc29f.jpg was preloaded using link preload but not used within a few seconds from the window's load event. Please make sure it has an appropriate `as` value and it is preloaded intentionally. @ https://kr.pinterest.com/?q=w%20letterform%20continuous%20line%20art%20logo%20mark:0
[  203248ms] [WARNING] The resource https://i.pinimg.com/236x/e8/7c/0b/e87c0bf1f94b2fefc6857230596ff59d.jpg was preloaded using link preload but not used within a few seconds from the window's load event. Please make sure it has an appropriate `as` value and it is preloaded intentionally. @ https://kr.pinterest.com/?q=w%20letterform%20continuous%20line%20art%20logo%20mark:0
[  203248ms] [WARNING] The resource https://i.pinimg.com/236x/46/6b/af/466baf34e4028ef29269767a6707c7a3.jpg was preloaded using link preload but not used within a few seconds from the window's load event. Please make sure it has an appropriate `as` value and it is preloaded intentionally. @ https://kr.pinterest.com/?q=w%20letterform%20continuous%20line%20art%20logo%20mark:0
[  203248ms] [WARNING] The resource https://i.pinimg.com/236x/24/8b/33/248b3321cfa53d1de93cdf510783f008.jpg was preloaded using link preload but not used within a few seconds from the window's load event. Please make sure it has an appropriate `as` value and it is preloaded intentionally. @ https://kr.pinterest.com/?q=w%20letterform%20continuous%20line%20art%20logo%20mark:0
[  203248ms] [WARNING] The resource https://i.pinimg.com/236x/af/01/62/af01620c8db70798a7253d3eccfbcd58.jpg was preloaded using link preload but not used within a few seconds from the window's load event. Please make sure it has an appropriate `as` value and it is preloaded intentionally. @ https://kr.pinterest.com/?q=w%20letterform%20continuous%20line%20art%20logo%20mark:0
[  203248ms] [WARNING] The resource https://i.pinimg.com/236x/fa/e2/6d/fae26d3d9cd63e1cda9e38ff12651409.jpg was preloaded using link preload but not used within a few seconds from the window's load event. Please make sure it has an appropriate `as` value and it is preloaded intentionally. @ https://kr.pinterest.com/?q=w%20letterform%20continuous%20line%20art%20logo%20mark:0
[  203248ms] [WARNING] The resource https://i.pinimg.com/236x/c9/20/ae/c920ae0870b11bdb0a91dd6fddb8206e.jpg was preloaded using link preload but not used within a few seconds from the window's load event. Please make sure it has an appropriate `as` value and it is preloaded intentionally. @ https://kr.pinterest.com/?q=w%20letterform%20continuous%20line%20art%20logo%20mark:0
[  203248ms] [WARNING] The resource https://i.pinimg.com/236x/78/1b/b8/781bb868be073c6bf10012fc21bf1693.jpg was preloaded using link preload but not used within a few seconds from the window's load event. Please make sure it has an appropriate `as` value and it is preloaded intentionally. @ https://kr.pinterest.com/?q=w%20letterform%20continuous%20line%20art%20logo%20mark:0
[  203248ms] [WARNING] The resource https://i.pinimg.com/236x/e7/56/69/e75669a4c4973003290c4fb8d28da85d.jpg was preloaded using link preload but not used within a few seconds from the window's load event. Please make sure it has an appropriate `as` value and it is preloaded intentionally. @ https://kr.pinterest.com/?q=w%20letterform%20continuous%20line%20art%20logo%20mark:0
[  203248ms] [WARNING] The resource https://i.pinimg.com/236x/79/e8/46/79e846902b64c4b7ddd433700b396db5.jpg was preloaded using link preload but not used within a few seconds from the window's load event. Please make sure it has an appropriate `as` value and it is preloaded intentionally. @ https://kr.pinterest.com/?q=w%20letterform%20continuous%20line%20art%20logo%20mark:0
[  203248ms] [WARNING] The resource https://i.pinimg.com/236x/4e/cd/0a/4ecd0ac97bbd4b438423702f936c1603.jpg was preloaded using link preload but not used within a few seconds from the window's load event. Please make sure it has an appropriate `as` value and it is preloaded intentionally. @ https://kr.pinterest.com/?q=w%20letterform%20continuous%20line%20art%20logo%20mark:0
[  203248ms] [WARNING] The resource https://i.pinimg.com/236x/89/3b/7d/893b7da680e917dc234dcbf13682c9d9.jpg was preloaded using link preload but not used within a few seconds from the window's load event. Please make sure it has an appropriate `as` value and it is preloaded intentionally. @ https://kr.pinterest.com/?q=w%20letterform%20continuous%20line%20art%20logo%20mark:0
[  203248ms] [WARNING] The resource https://i.pinimg.com/236x/15/1b/38/151b38f48a7a54fd802a9b232065ccfe.jpg was preloaded using link preload but not used within a few seconds from the window's load event. Please make sure it has an appropriate `as` value and it is preloaded intentionally. @ https://kr.pinterest.com/?q=w%20letterform%20continuous%20line%20art%20logo%20mark:0
[  203248ms] [WARNING] The resource https://i.pinimg.com/236x/14/54/1e/14541e74217e88f69334facc21572a1d.jpg was preloaded using link preload but not used within a few seconds from the window's load event. Please make sure it has an appropriate `as` value and it is preloaded intentionally. @ https://kr.pinterest.com/?q=w%20letterform%20continuous%20line%20art%20logo%20mark:0
[  203248ms] [WARNING] The resource https://i.pinimg.com/236x/63/82/2e/63822e8b753302d5d8f37053482731c6.jpg was preloaded using link preload but not used within a few seconds from the window's load event. Please make sure it has an appropriate `as` value and it is preloaded intentionally. @ https://kr.pinterest.com/?q=w%20letterform%20continuous%20line%20art%20logo%20mark:0
[  203248ms] [WARNING] The resource https://i.pinimg.com/236x/31/b1/99/31b19974c5c44876b4fb52147e9f08fb.jpg was preloaded using link preload but not used within a few seconds from the window's load event. Please make sure it has an appropriate `as` value and it is preloaded intentionally. @ https://kr.pinterest.com/?q=w%20letterform%20continuous%20line%20art%20logo%20mark:0
[  203249ms] [WARNING] The resource https://i.pinimg.com/236x/74/53/a1/7453a1e0dd357efbe5b8295069e2c133.jpg was preloaded using link preload but not used within a few seconds from the window's load event. Please make sure it has an appropriate `as` value and it is preloaded intentionally. @ https://kr.pinterest.com/?q=w%20letterform%20continuous%20line%20art%20logo%20mark:0
[  203249ms] [WARNING] The resource https://i.pinimg.com/236x/0e/76/1d/0e761da3c615f547870f67d256d0b99d.jpg was preloaded using link preload but not used within a few seconds from the window's load event. Please make sure it has an appropriate `as` value and it is preloaded intentionally. @ https://kr.pinterest.com/?q=w%20letterform%20continuous%20line%20art%20logo%20mark:0
[  203249ms] [WARNING] The resource https://i.pinimg.com/236x/cd/c6/e4/cdc6e48619d9d13736bc9e52fd0a65d7.jpg was preloaded using link preload but not used within a few seconds from the window's load event. Please make sure it has an appropriate `as` value and it is preloaded intentionally. @ https://kr.pinterest.com/?q=w%20letterform%20continuous%20line%20art%20logo%20mark:0
[  203249ms] [WARNING] The resource https://i.pinimg.com/236x/d8/50/83/d850838248f7607202fdf7b1dd01b6d6.jpg was preloaded using link preload but not used within a few seconds from the window's load event. Please make sure it has an appropriate `as` value and it is preloaded intentionally. @ https://kr.pinterest.com/?q=w%20letterform%20continuous%20line%20art%20logo%20mark:0
[  208222ms] [WARNING] The resource https://i.pinimg.com/236x/5c/c1/64/5cc1648c9ec038319086644eadf92b00.jpg was preloaded using link preload but not used within a few seconds from the window's load event. Please make sure it has an appropriate `as` value and it is preloaded intentionally. @ https://kr.pinterest.com/?q=w%20letterform%20continuous%20line%20art%20logo%20mark:0
[  208223ms] [WARNING] The resource https://i.pinimg.com/236x/a6/75/3c/a6753cd65c1f18de2b3806b8af6a320e.jpg was preloaded using link preload but not used within a few seconds from the window's load event. Please make sure it has an appropriate `as` value and it is preloaded intentionally. @ https://kr.pinterest.com/?q=w%20letterform%20continuous%20line%20art%20logo%20mark:0
[  208223ms] [WARNING] The resource https://i.pinimg.com/236x/17/4a/1f/174a1fedae2d7497e1b05e24b073cce6.jpg was preloaded using link preload but not used within a few seconds from the window's load event. Please make sure it has an appropriate `as` value and it is preloaded intentionally. @ https://kr.pinterest.com/?q=w%20letterform%20continuous%20line%20art%20logo%20mark:0
[  208223ms] [WARNING] The resource https://i.pinimg.com/236x/2e/da/c6/2edac682cc0711795e91e381ded479f5.jpg was preloaded using link preload but not used within a few seconds from the window's load event. Please make sure it has an appropriate `as` value and it is preloaded intentionally. @ https://kr.pinterest.com/?q=w%20letterform%20continuous%20line%20art%20logo%20mark:0
[  208223ms] [WARNING] The resource https://i.pinimg.com/236x/d5/0f/93/d50f939cde9ed0edc6e0309c6fbf592d.jpg was preloaded using link preload but not used within a few seconds from the window's load event. Please make sure it has an appropriate `as` value and it is preloaded intentionally. @ https://kr.pinterest.com/?q=w%20letterform%20continuous%20line%20art%20logo%20mark:0
[  208223ms] [WARNING] The resource https://i.pinimg.com/236x/d9/fa/92/d9fa92ac0337e8224d2f4a192e9cd6fd.jpg was preloaded using link preload but not used within a few seconds from the window's load event. Please make sure it has an appropriate `as` value and it is preloaded intentionally. @ https://kr.pinterest.com/?q=w%20letterform%20continuous%20line%20art%20logo%20mark:0
[  208223ms] [WARNING] The resource https://i.pinimg.com/236x/54/d6/db/54d6dbaca749456252ef2976f7acc29f.jpg was preloaded using link preload but not used within a few seconds from the window's load event. Please make sure it has an appropriate `as` value and it is preloaded intentionally. @ https://kr.pinterest.com/?q=w%20letterform%20continuous%20line%20art%20logo%20mark:0
[  208223ms] [WARNING] The resource https://i.pinimg.com/236x/e8/7c/0b/e87c0bf1f94b2fefc6857230596ff59d.jpg was preloaded using link preload but not used within a few seconds from the window's load event. Please make sure it has an appropriate `as` value and it is preloaded intentionally. @ https://kr.pinterest.com/?q=w%20letterform%20continuous%20line%20art%20logo%20mark:0
[  208223ms] [WARNING] The resource https://i.pinimg.com/236x/46/6b/af/466baf34e4028ef29269767a6707c7a3.jpg was preloaded using link preload but not used within a few seconds from the window's load event. Please make sure it has an appropriate `as` value and it is preloaded intentionally. @ https://kr.pinterest.com/?q=w%20letterform%20continuous%20line%20art%20logo%20mark:0
[  208223ms] [WARNING] The resource https://i.pinimg.com/236x/24/8b/33/248b3321cfa53d1de93cdf510783f008.jpg was preloaded using link preload but not used within a few seconds from the window's load event. Please make sure it has an appropriate `as` value and it is preloaded intentionally. @ https://kr.pinterest.com/?q=w%20letterform%20continuous%20line%20art%20logo%20mark:0
[  208223ms] [WARNING] The resource https://i.pinimg.com/236x/af/01/62/af01620c8db70798a7253d3eccfbcd58.jpg was preloaded using link preload but not used within a few seconds from the window's load event. Please make sure it has an appropriate `as` value and it is preloaded intentionally. @ https://kr.pinterest.com/?q=w%20letterform%20continuous%20line%20art%20logo%20mark:0
[  208223ms] [WARNING] The resource https://i.pinimg.com/236x/fa/e2/6d/fae26d3d9cd63e1cda9e38ff12651409.jpg was preloaded using link preload but not used within a few seconds from the window's load event. Please make sure it has an appropriate `as` value and it is preloaded intentionally. @ https://kr.pinterest.com/?q=w%20letterform%20continuous%20line%20art%20logo%20mark:0
[  208223ms] [WARNING] The resource https://i.pinimg.com/236x/c9/20/ae/c920ae0870b11bdb0a91dd6fddb8206e.jpg was preloaded using link preload but not used within a few seconds from the window's load event. Please make sure it has an appropriate `as` value and it is preloaded intentionally. @ https://kr.pinterest.com/?q=w%20letterform%20continuous%20line%20art%20logo%20mark:0
[  208223ms] [WARNING] The resource https://i.pinimg.com/236x/78/1b/b8/781bb868be073c6bf10012fc21bf1693.jpg was preloaded using link preload but not used within a few seconds from the window's load event. Please make sure it has an appropriate `as` value and it is preloaded intentionally. @ https://kr.pinterest.com/?q=w%20letterform%20continuous%20line%20art%20logo%20mark:0
[  208223ms] [WARNING] The resource https://i.pinimg.com/236x/e7/56/69/e75669a4c4973003290c4fb8d28da85d.jpg was preloaded using link preload but not used within a few seconds from the window's load event. Please make sure it has an appropriate `as` value and it is preloaded intentionally. @ https://kr.pinterest.com/?q=w%20letterform%20continuous%20line%20art%20logo%20mark:0
[  208223ms] [WARNING] The resource https://i.pinimg.com/236x/79/e8/46/79e846902b64c4b7ddd433700b396db5.jpg was preloaded using link preload but not used within a few seconds from the window's load event. Please make sure it has an appropriate `as` value and it is preloaded intentionally. @ https://kr.pinterest.com/?q=w%20letterform%20continuous%20line%20art%20logo%20mark:0
[  208223ms] [WARNING] The resource https://i.pinimg.com/236x/4e/cd/0a/4ecd0ac97bbd4b438423702f936c1603.jpg was preloaded using link preload but not used within a few seconds from the window's load event. Please make sure it has an appropriate `as` value and it is preloaded intentionally. @ https://kr.pinterest.com/?q=w%20letterform%20continuous%20line%20art%20logo%20mark:0
[  208223ms] [WARNING] The resource https://i.pinimg.com/236x/89/3b/7d/893b7da680e917dc234dcbf13682c9d9.jpg was preloaded using link preload but not used within a few seconds from the window's load event. Please make sure it has an appropriate `as` value and it is preloaded intentionally. @ https://kr.pinterest.com/?q=w%20letterform%20continuous%20line%20art%20logo%20mark:0
[  208223ms] [WARNING] The resource https://i.pinimg.com/236x/15/1b/38/151b38f48a7a54fd802a9b232065ccfe.jpg was preloaded using link preload but not used within a few seconds from the window's load event. Please make sure it has an appropriate `as` value and it is preloaded intentionally. @ https://kr.pinterest.com/?q=w%20letterform%20continuous%20line%20art%20logo%20mark:0
[  208223ms] [WARNING] The resource https://i.pinimg.com/236x/14/54/1e/14541e74217e88f69334facc21572a1d.jpg was preloaded using link preload but not used within a few seconds from the window's load event. Please make sure it has an appropriate `as` value and it is preloaded intentionally. @ https://kr.pinterest.com/?q=w%20letterform%20continuous%20line%20art%20logo%20mark:0
[  208223ms] [WARNING] The resource https://i.pinimg.com/236x/63/82/2e/63822e8b753302d5d8f37053482731c6.jpg was preloaded using link preload but not used within a few seconds from the window's load event. Please make sure it has an appropriate `as` value and it is preloaded intentionally. @ https://kr.pinterest.com/?q=w%20letterform%20continuous%20line%20art%20logo%20mark:0
[  208223ms] [WARNING] The resource https://i.pinimg.com/236x/31/b1/99/31b19974c5c44876b4fb52147e9f08fb.jpg was preloaded using link preload but not used within a few seconds from the window's load event. Please make sure it has an appropriate `as` value and it is preloaded intentionally. @ https://kr.pinterest.com/?q=w%20letterform%20continuous%20line%20art%20logo%20mark:0
[  208223ms] [WARNING] The resource https://i.pinimg.com/236x/74/53/a1/7453a1e0dd357efbe5b8295069e2c133.jpg was preloaded using link preload but not used within a few seconds from the window's load event. Please make sure it has an appropriate `as` value and it is preloaded intentionally. @ https://kr.pinterest.com/?q=w%20letterform%20continuous%20line%20art%20logo%20mark:0
[  208223ms] [WARNING] The resource https://i.pinimg.com/236x/0e/76/1d/0e761da3c615f547870f67d256d0b99d.jpg was preloaded using link preload but not used within a few seconds from the window's load event. Please make sure it has an appropriate `as` value and it is preloaded intentionally. @ https://kr.pinterest.com/?q=w%20letterform%20continuous%20line%20art%20logo%20mark:0
[  208223ms] [WARNING] The resource https://i.pinimg.com/236x/cd/c6/e4/cdc6e48619d9d13736bc9e52fd0a65d7.jpg was preloaded using link preload but not used within a few seconds from the window's load event. Please make sure it has an appropriate `as` value and it is preloaded intentionally. @ https://kr.pinterest.com/?q=w%20letterform%20continuous%20line%20art%20logo%20mark:0
[  208223ms] [WARNING] The resource https://i.pinimg.com/236x/d8/50/83/d850838248f7607202fdf7b1dd01b6d6.jpg was preloaded using link preload but not used within a few seconds from the window's load event. Please make sure it has an appropriate `as` value and it is preloaded intentionally. @ https://kr.pinterest.com/?q=w%20letterform%20continuous%20line%20art%20logo%20mark:0
[  365316ms] [WARNING] The resource https://i.pinimg.com/236x/5c/c1/64/5cc1648c9ec038319086644eadf92b00.jpg was preloaded using link preload but not used within a few seconds from the window's load event. Please make sure it has an appropriate `as` value and it is preloaded intentionally. @ https://kr.pinterest.com/?q=w%20letterform%20continuous%20line%20art%20logo%20mark:0
[  365316ms] [WARNING] The resource https://i.pinimg.com/236x/a6/75/3c/a6753cd65c1f18de2b3806b8af6a320e.jpg was preloaded using link preload but not used within a few seconds from the window's load event. Please make sure it has an appropriate `as` value and it is preloaded intentionally. @ https://kr.pinterest.com/?q=w%20letterform%20continuous%20line%20art%20logo%20mark:0
[  365316ms] [WARNING] The resource https://i.pinimg.com/236x/17/4a/1f/174a1fedae2d7497e1b05e24b073cce6.jpg was preloaded using link preload but not used within a few seconds from the window's load event. Please make sure it has an appropriate `as` value and it is preloaded intentionally. @ https://kr.pinterest.com/?q=w%20letterform%20continuous%20line%20art%20logo%20mark:0
[  365316ms] [WARNING] The resource https://i.pinimg.com/236x/2e/da/c6/2edac682cc0711795e91e381ded479f5.jpg was preloaded using link preload but not used within a few seconds from the window's load event. Please make sure it has an appropriate `as` value and it is preloaded intentionally. @ https://kr.pinterest.com/?q=w%20letterform%20continuous%20line%20art%20logo%20mark:0
[  365316ms] [WARNING] The resource https://i.pinimg.com/236x/d5/0f/93/d50f939cde9ed0edc6e0309c6fbf592d.jpg was preloaded using link preload but not used within a few seconds from the window's load event. Please make sure it has an appropriate `as` value and it is preloaded intentionally. @ https://kr.pinterest.com/?q=w%20letterform%20continuous%20line%20art%20logo%20mark:0
[  365316ms] [WARNING] The resource https://i.pinimg.com/236x/d9/fa/92/d9fa92ac0337e8224d2f4a192e9cd6fd.jpg was preloaded using link preload but not used within a few seconds from the window's load event. Please make sure it has an appropriate `as` value and it is preloaded intentionally. @ https://kr.pinterest.com/?q=w%20letterform%20continuous%20line%20art%20logo%20mark:0
[  365316ms] [WARNING] The resource https://i.pinimg.com/236x/54/d6/db/54d6dbaca749456252ef2976f7acc29f.jpg was preloaded using link preload but not used within a few seconds from the window's load event. Please make sure it has an appropriate `as` value and it is preloaded intentionally. @ https://kr.pinterest.com/?q=w%20letterform%20continuous%20line%20art%20logo%20mark:0
[  365316ms] [WARNING] The resource https://i.pinimg.com/236x/e8/7c/0b/e87c0bf1f94b2fefc6857230596ff59d.jpg was preloaded using link preload but not used within a few seconds from the window's load event. Please make sure it has an appropriate `as` value and it is preloaded intentionally. @ https://kr.pinterest.com/?q=w%20letterform%20continuous%20line%20art%20logo%20mark:0
[  365316ms] [WARNING] The resource https://i.pinimg.com/236x/46/6b/af/466baf34e4028ef29269767a6707c7a3.jpg was preloaded using link preload but not used within a few seconds from the window's load event. Please make sure it has an appropriate `as` value and it is preloaded intentionally. @ https://kr.pinterest.com/?q=w%20letterform%20continuous%20line%20art%20logo%20mark:0
[  365316ms] [WARNING] The resource https://i.pinimg.com/236x/24/8b/33/248b3321cfa53d1de93cdf510783f008.jpg was preloaded using link preload but not used within a few seconds from the window's load event. Please make sure it has an appropriate `as` value and it is preloaded intentionally. @ https://kr.pinterest.com/?q=w%20letterform%20continuous%20line%20art%20logo%20mark:0
[  365316ms] [WARNING] The resource https://i.pinimg.com/236x/af/01/62/af01620c8db70798a7253d3eccfbcd58.jpg was preloaded using link preload but not used within a few seconds from the window's load event. Please make sure it has an appropriate `as` value and it is preloaded intentionally. @ https://kr.pinterest.com/?q=w%20letterform%20continuous%20line%20art%20logo%20mark:0
[  365316ms] [WARNING] The resource https://i.pinimg.com/236x/fa/e2/6d/fae26d3d9cd63e1cda9e38ff12651409.jpg was preloaded using link preload but not used within a few seconds from the window's load event. Please make sure it has an appropriate `as` value and it is preloaded intentionally. @ https://kr.pinterest.com/?q=w%20letterform%20continuous%20line%20art%20logo%20mark:0
[  365316ms] [WARNING] The resource https://i.pinimg.com/236x/c9/20/ae/c920ae0870b11bdb0a91dd6fddb8206e.jpg was preloaded using link preload but not used within a few seconds from the window's load event. Please make sure it has an appropriate `as` value and it is preloaded intentionally. @ https://kr.pinterest.com/?q=w%20letterform%20continuous%20line%20art%20logo%20mark:0
[  365316ms] [WARNING] The resource https://i.pinimg.com/236x/78/1b/b8/781bb868be073c6bf10012fc21bf1693.jpg was preloaded using link preload but not used within a few seconds from the window's load event. Please make sure it has an appropriate `as` value and it is preloaded intentionally. @ https://kr.pinterest.com/?q=w%20letterform%20continuous%20line%20art%20logo%20mark:0
[  365316ms] [WARNING] The resource https://i.pinimg.com/236x/e7/56/69/e75669a4c4973003290c4fb8d28da85d.jpg was preloaded using link preload but not used within a few seconds from the window's load event. Please make sure it has an appropriate `as` value and it is preloaded intentionally. @ https://kr.pinterest.com/?q=w%20letterform%20continuous%20line%20art%20logo%20mark:0
[  365316ms] [WARNING] The resource https://i.pinimg.com/236x/79/e8/46/79e846902b64c4b7ddd433700b396db5.jpg was preloaded using link preload but not used within a few seconds from the window's load event. Please make sure it has an appropriate `as` value and it is preloaded intentionally. @ https://kr.pinterest.com/?q=w%20letterform%20continuous%20line%20art%20logo%20mark:0
[  365316ms] [WARNING] The resource https://i.pinimg.com/236x/4e/cd/0a/4ecd0ac97bbd4b438423702f936c1603.jpg was preloaded using link preload but not used within a few seconds from the window's load event. Please make sure it has an appropriate `as` value and it is preloaded intentionally. @ https://kr.pinterest.com/?q=w%20letterform%20continuous%20line%20art%20logo%20mark:0
[  365316ms] [WARNING] The resource https://i.pinimg.com/236x/89/3b/7d/893b7da680e917dc234dcbf13682c9d9.jpg was preloaded using link preload but not used within a few seconds from the window's load event. Please make sure it has an appropriate `as` value and it is preloaded intentionally. @ https://kr.pinterest.com/?q=w%20letterform%20continuous%20line%20art%20logo%20mark:0
[  365316ms] [WARNING] The resource https://i.pinimg.com/236x/15/1b/38/151b38f48a7a54fd802a9b232065ccfe.jpg was preloaded using link preload but not used within a few seconds from the window's load event. Please make sure it has an appropriate `as` value and it is preloaded intentionally. @ https://kr.pinterest.com/?q=w%20letterform%20continuous%20line%20art%20logo%20mark:0
[  365316ms] [WARNING] The resource https://i.pinimg.com/236x/14/54/1e/14541e74217e88f69334facc21572a1d.jpg was preloaded using link preload but not used within a few seconds from the window's load event. Please make sure it has an appropriate `as` value and it is preloaded intentionally. @ https://kr.pinterest.com/?q=w%20letterform%20continuous%20line%20art%20logo%20mark:0
[  365316ms] [WARNING] The resource https://i.pinimg.com/236x/63/82/2e/63822e8b753302d5d8f37053482731c6.jpg was preloaded using link preload but not used within a few seconds from the window's load event. Please make sure it has an appropriate `as` value and it is preloaded intentionally. @ https://kr.pinterest.com/?q=w%20letterform%20continuous%20line%20art%20logo%20mark:0
[  365316ms] [WARNING] The resource https://i.pinimg.com/236x/31/b1/99/31b19974c5c44876b4fb52147e9f08fb.jpg was preloaded using link preload but not used within a few seconds from the window's load event. Please make sure it has an appropriate `as` value and it is preloaded intentionally. @ https://kr.pinterest.com/?q=w%20letterform%20continuous%20line%20art%20logo%20mark:0
[  365316ms] [WARNING] The resource https://i.pinimg.com/236x/74/53/a1/7453a1e0dd357efbe5b8295069e2c133.jpg was preloaded using link preload but not used within a few seconds from the window's load event. Please make sure it has an appropriate `as` value and it is preloaded intentionally. @ https://kr.pinterest.com/?q=w%20letterform%20continuous%20line%20art%20logo%20mark:0
[  365316ms] [WARNING] The resource https://i.pinimg.com/236x/0e/76/1d/0e761da3c615f547870f67d256d0b99d.jpg was preloaded using link preload but not used within a few seconds from the window's load event. Please make sure it has an appropriate `as` value and it is preloaded intentionally. @ https://kr.pinterest.com/?q=w%20letterform%20continuous%20line%20art%20logo%20mark:0
[  365316ms] [WARNING] The resource https://i.pinimg.com/236x/cd/c6/e4/cdc6e48619d9d13736bc9e52fd0a65d7.jpg was preloaded using link preload but not used within a few seconds from the window's load event. Please make sure it has an appropriate `as` value and it is preloaded intentionally. @ https://kr.pinterest.com/?q=w%20letterform%20continuous%20line%20art%20logo%20mark:0
[  365316ms] [WARNING] The resource https://i.pinimg.com/236x/d8/50/83/d850838248f7607202fdf7b1dd01b6d6.jpg was preloaded using link preload but not used within a few seconds from the window's load event. Please make sure it has an appropriate `as` value and it is preloaded intentionally. @ https://kr.pinterest.com/?q=w%20letterform%20continuous%20line%20art%20logo%20mark:0
[  370254ms] [WARNING] The resource https://i.pinimg.com/236x/5c/c1/64/5cc1648c9ec038319086644eadf92b00.jpg was preloaded using link preload but not used within a few seconds from the window's load event. Please make sure it has an appropriate `as` value and it is preloaded intentionally. @ https://kr.pinterest.com/?q=w%20letterform%20continuous%20line%20art%20logo%20mark:0
[  370254ms] [WARNING] The resource https://i.pinimg.com/236x/a6/75/3c/a6753cd65c1f18de2b3806b8af6a320e.jpg was preloaded using link preload but not used within a few seconds from the window's load event. Please make sure it has an appropriate `as` value and it is preloaded intentionally. @ https://kr.pinterest.com/?q=w%20letterform%20continuous%20line%20art%20logo%20mark:0
[  370254ms] [WARNING] The resource https://i.pinimg.com/236x/17/4a/1f/174a1fedae2d7497e1b05e24b073cce6.jpg was preloaded using link preload but not used within a few seconds from the window's load event. Please make sure it has an appropriate `as` value and it is preloaded intentionally. @ https://kr.pinterest.com/?q=w%20letterform%20continuous%20line%20art%20logo%20mark:0
[  370254ms] [WARNING] The resource https://i.pinimg.com/236x/2e/da/c6/2edac682cc0711795e91e381ded479f5.jpg was preloaded using link preload but not used within a few seconds from the window's load event. Please make sure it has an appropriate `as` value and it is preloaded intentionally. @ https://kr.pinterest.com/?q=w%20letterform%20continuous%20line%20art%20logo%20mark:0
[  370254ms] [WARNING] The resource https://i.pinimg.com/236x/d5/0f/93/d50f939cde9ed0edc6e0309c6fbf592d.jpg was preloaded using link preload but not used within a few seconds from the window's load event. Please make sure it has an appropriate `as` value and it is preloaded intentionally. @ https://kr.pinterest.com/?q=w%20letterform%20continuous%20line%20art%20logo%20mark:0
[  370254ms] [WARNING] The resource https://i.pinimg.com/236x/d9/fa/92/d9fa92ac0337e8224d2f4a192e9cd6fd.jpg was preloaded using link preload but not used within a few seconds from the window's load event. Please make sure it has an appropriate `as` value and it is preloaded intentionally. @ https://kr.pinterest.com/?q=w%20letterform%20continuous%20line%20art%20logo%20mark:0
[  370254ms] [WARNING] The resource https://i.pinimg.com/236x/54/d6/db/54d6dbaca749456252ef2976f7acc29f.jpg was preloaded using link preload but not used within a few seconds from the window's load event. Please make sure it has an appropriate `as` value and it is preloaded intentionally. @ https://kr.pinterest.com/?q=w%20letterform%20continuous%20line%20art%20logo%20mark:0
[  370254ms] [WARNING] The resource https://i.pinimg.com/236x/e8/7c/0b/e87c0bf1f94b2fefc6857230596ff59d.jpg was preloaded using link preload but not used within a few seconds from the window's load event. Please make sure it has an appropriate `as` value and it is preloaded intentionally. @ https://kr.pinterest.com/?q=w%20letterform%20continuous%20line%20art%20logo%20mark:0
[  370254ms] [WARNING] The resource https://i.pinimg.com/236x/46/6b/af/466baf34e4028ef29269767a6707c7a3.jpg was preloaded using link preload but not used within a few seconds from the window's load event. Please make sure it has an appropriate `as` value and it is preloaded intentionally. @ https://kr.pinterest.com/?q=w%20letterform%20continuous%20line%20art%20logo%20mark:0
[  370254ms] [WARNING] The resource https://i.pinimg.com/236x/24/8b/33/248b3321cfa53d1de93cdf510783f008.jpg was preloaded using link preload but not used within a few seconds from the window's load event. Please make sure it has an appropriate `as` value and it is preloaded intentionally. @ https://kr.pinterest.com/?q=w%20letterform%20continuous%20line%20art%20logo%20mark:0
[  370254ms] [WARNING] The resource https://i.pinimg.com/236x/af/01/62/af01620c8db70798a7253d3eccfbcd58.jpg was preloaded using link preload but not used within a few seconds from the window's load event. Please make sure it has an appropriate `as` value and it is preloaded intentionally. @ https://kr.pinterest.com/?q=w%20letterform%20continuous%20line%20art%20logo%20mark:0
[  370254ms] [WARNING] The resource https://i.pinimg.com/236x/fa/e2/6d/fae26d3d9cd63e1cda9e38ff12651409.jpg was preloaded using link preload but not used within a few seconds from the window's load event. Please make sure it has an appropriate `as` value and it is preloaded intentionally. @ https://kr.pinterest.com/?q=w%20letterform%20continuous%20line%20art%20logo%20mark:0
[  370254ms] [WARNING] The resource https://i.pinimg.com/236x/c9/20/ae/c920ae0870b11bdb0a91dd6fddb8206e.jpg was preloaded using link preload but not used within a few seconds from the window's load event. Please make sure it has an appropriate `as` value and it is preloaded intentionally. @ https://kr.pinterest.com/?q=w%20letterform%20continuous%20line%20art%20logo%20mark:0
[  370254ms] [WARNING] The resource https://i.pinimg.com/236x/78/1b/b8/781bb868be073c6bf10012fc21bf1693.jpg was preloaded using link preload but not used within a few seconds from the window's load event. Please make sure it has an appropriate `as` value and it is preloaded intentionally. @ https://kr.pinterest.com/?q=w%20letterform%20continuous%20line%20art%20logo%20mark:0
[  370254ms] [WARNING] The resource https://i.pinimg.com/236x/e7/56/69/e75669a4c4973003290c4fb8d28da85d.jpg was preloaded using link preload but not used within a few seconds from the window's load event. Please make sure it has an appropriate `as` value and it is preloaded intentionally. @ https://kr.pinterest.com/?q=w%20letterform%20continuous%20line%20art%20logo%20mark:0
[  370254ms] [WARNING] The resource https://i.pinimg.com/236x/79/e8/46/79e846902b64c4b7ddd433700b396db5.jpg was preloaded using link preload but not used within a few seconds from the window's load event. Please make sure it has an appropriate `as` value and it is preloaded intentionally. @ https://kr.pinterest.com/?q=w%20letterform%20continuous%20line%20art%20logo%20mark:0
[  370254ms] [WARNING] The resource https://i.pinimg.com/236x/4e/cd/0a/4ecd0ac97bbd4b438423702f936c1603.jpg was preloaded using link preload but not used within a few seconds from the window's load event. Please make sure it has an appropriate `as` value and it is preloaded intentionally. @ https://kr.pinterest.com/?q=w%20letterform%20continuous%20line%20art%20logo%20mark:0
[  370254ms] [WARNING] The resource https://i.pinimg.com/236x/89/3b/7d/893b7da680e917dc234dcbf13682c9d9.jpg was preloaded using link preload but not used within a few seconds from the window's load event. Please make sure it has an appropriate `as` value and it is preloaded intentionally. @ https://kr.pinterest.com/?q=w%20letterform%20continuous%20line%20art%20logo%20mark:0
[  370254ms] [WARNING] The resource https://i.pinimg.com/236x/15/1b/38/151b38f48a7a54fd802a9b232065ccfe.jpg was preloaded using link preload but not used within a few seconds from the window's load event. Please make sure it has an appropriate `as` value and it is preloaded intentionally. @ https://kr.pinterest.com/?q=w%20letterform%20continuous%20line%20art%20logo%20mark:0
[  370254ms] [WARNING] The resource https://i.pinimg.com/236x/14/54/1e/14541e74217e88f69334facc21572a1d.jpg was preloaded using link preload but not used within a few seconds from the window's load event. Please make sure it has an appropriate `as` value and it is preloaded intentionally. @ https://kr.pinterest.com/?q=w%20letterform%20continuous%20line%20art%20logo%20mark:0
[  370254ms] [WARNING] The resource https://i.pinimg.com/236x/63/82/2e/63822e8b753302d5d8f37053482731c6.jpg was preloaded using link preload but not used within a few seconds from the window's load event. Please make sure it has an appropriate `as` value and it is preloaded intentionally. @ https://kr.pinterest.com/?q=w%20letterform%20continuous%20line%20art%20logo%20mark:0
[  370254ms] [WARNING] The resource https://i.pinimg.com/236x/31/b1/99/31b19974c5c44876b4fb52147e9f08fb.jpg was preloaded using link preload but not used within a few seconds from the window's load event. Please make sure it has an appropriate `as` value and it is preloaded intentionally. @ https://kr.pinterest.com/?q=w%20letterform%20continuous%20line%20art%20logo%20mark:0
[  370254ms] [WARNING] The resource https://i.pinimg.com/236x/74/53/a1/7453a1e0dd357efbe5b8295069e2c133.jpg was preloaded using link preload but not used within a few seconds from the window's load event. Please make sure it has an appropriate `as` value and it is preloaded intentionally. @ https://kr.pinterest.com/?q=w%20letterform%20continuous%20line%20art%20logo%20mark:0
[  370254ms] [WARNING] The resource https://i.pinimg.com/236x/0e/76/1d/0e761da3c615f547870f67d256d0b99d.jpg was preloaded using link preload but not used within a few seconds from the window's load event. Please make sure it has an appropriate `as` value and it is preloaded intentionally. @ https://kr.pinterest.com/?q=w%20letterform%20continuous%20line%20art%20logo%20mark:0
[  370254ms] [WARNING] The resource https://i.pinimg.com/236x/cd/c6/e4/cdc6e48619d9d13736bc9e52fd0a65d7.jpg was preloaded using link preload but not used within a few seconds from the window's load event. Please make sure it has an appropriate `as` value and it is preloaded intentionally. @ https://kr.pinterest.com/?q=w%20letterform%20continuous%20line%20art%20logo%20mark:0
[  370254ms] [WARNING] The resource https://i.pinimg.com/236x/d8/50/83/d850838248f7607202fdf7b1dd01b6d6.jpg was preloaded using link preload but not used within a few seconds from the window's load event. Please make sure it has an appropriate `as` value and it is preloaded intentionally. @ https://kr.pinterest.com/?q=w%20letterform%20continuous%20line%20art%20logo%20mark:0
